use whist;

-- MySQL dump 10.13  Distrib 5.7.17, for Linux (x86_64)
--
-- Host: localhost    Database: whist_calc
-- ------------------------------------------------------
-- Server version	5.7.17-0ubuntu0.16.04.1-log

/*!40101 SET @OLD_CHARACTER_SET_CLIENT=@@CHARACTER_SET_CLIENT */;
/*!40101 SET @OLD_CHARACTER_SET_RESULTS=@@CHARACTER_SET_RESULTS */;
/*!40101 SET @OLD_COLLATION_CONNECTION=@@COLLATION_CONNECTION */;
/*!40101 SET NAMES utf8 */;
/*!40103 SET @OLD_TIME_ZONE=@@TIME_ZONE */;
/*!40103 SET TIME_ZONE='+00:00' */;
/*!40014 SET @OLD_UNIQUE_CHECKS=@@UNIQUE_CHECKS, UNIQUE_CHECKS=0 */;
/*!40014 SET @OLD_FOREIGN_KEY_CHECKS=@@FOREIGN_KEY_CHECKS, FOREIGN_KEY_CHECKS=0 */;
/*!40101 SET @OLD_SQL_MODE=@@SQL_MODE, SQL_MODE='NO_AUTO_VALUE_ON_ZERO' */;
/*!40111 SET @OLD_SQL_NOTES=@@SQL_NOTES, SQL_NOTES=0 */;

--
-- Table structure for table `game_players`
--

DROP TABLE IF EXISTS `game_players`;
/*!40101 SET @saved_cs_client     = @@character_set_client */;
/*!40101 SET character_set_client = utf8 */;
CREATE TABLE `game_players` (
  `game_id` int(10) unsigned NOT NULL,
  `player_position` int(10) unsigned NOT NULL,
  `player_id` int(10) unsigned NOT NULL,
  `total_points` int(11) NOT NULL,
  PRIMARY KEY (`game_id`,`player_position`),
  UNIQUE KEY `game_id_player_id` (`game_id`,`player_id`),
  KEY `player_id` (`player_id`),
  CONSTRAINT `game_players_ibfk_1` FOREIGN KEY (`game_id`) REFERENCES `games` (`id`),
  CONSTRAINT `game_players_ibfk_2` FOREIGN KEY (`player_id`) REFERENCES `players` (`id`)
) ENGINE=InnoDB DEFAULT CHARSET=utf8 COLLATE=utf8_danish_ci;
/*!40101 SET character_set_client = @saved_cs_client */;

--
-- Dumping data for table `game_players`
--

LOCK TABLES `game_players` WRITE;
/*!40000 ALTER TABLE `game_players` DISABLE KEYS */;
INSERT INTO `game_players` VALUES (1,0,9,8),(1,1,7,-40),(1,2,5,-96),(1,3,8,128),(2,0,9,-64),(2,1,1,64),(2,2,3,64),(2,3,5,-64),(3,0,4,203),(3,1,1,-431),(3,2,7,145),(3,3,8,83),(4,0,9,932),(4,1,7,-1052),(4,2,1,-812),(4,3,8,932),(5,0,2,12),(5,1,5,12),(5,2,4,-12),(5,3,1,-12),(6,0,1,-10),(6,1,3,86),(6,2,2,38),(6,3,4,-114),(7,0,3,-54),(7,1,2,30),(7,2,1,-54),(7,3,4,78),(8,0,2,60),(8,1,4,28),(8,2,1,-28),(8,3,3,-60),(9,0,2,-12),(9,1,3,68),(9,2,1,-184),(9,3,4,128),(10,0,9,0),(10,1,4,0),(10,2,2,0),(10,3,5,0),(11,0,2,-156),(11,1,1,-156),(11,2,3,28),(11,3,4,284),(12,0,3,-80),(12,1,1,-140),(12,2,4,152),(12,3,2,68),(13,0,1,16),(13,1,4,-16),(13,2,2,-16),(13,3,3,16),(14,0,1,42),(14,1,4,-70),(14,2,2,22),(14,3,3,6),(15,0,1,0),(15,1,8,0),(15,2,4,0),(15,3,5,0),(16,0,1,184),(16,1,2,-204),(16,2,3,-12),(16,3,4,32),(17,0,4,46),(17,1,3,-34),(17,2,1,10),(17,3,2,-22),(18,0,8,-26),(18,1,7,6),(18,2,9,22),(18,3,1,-2),(19,0,4,82),(19,1,1,78),(19,2,5,-182),(19,3,2,22),(20,0,1,2196),(20,1,9,0),(20,2,4,-5292),(20,3,3,-36),(20,4,7,888),(21,0,9,-156),(21,1,8,36),(21,2,4,204),(21,3,2,-84),(22,0,5,571),(22,1,8,584),(22,2,1,-4),(22,3,9,-13),(22,4,4,569),(22,5,3,-1769),(23,0,5,1051),(23,1,9,246),(23,2,4,142),(23,3,1,-84),(23,4,2,-2526),(23,5,3,1171),(24,0,3,140),(24,1,2,-116),(24,2,1,-60),(24,3,5,-116),(24,4,4,152),(25,0,1,38),(25,1,8,94),(25,2,4,-106),(25,3,2,-26),(26,0,2,6),(26,1,1,74),(26,2,5,-50),(26,3,4,-30),(27,0,9,225),(27,1,8,-322),(27,2,1,106),(27,3,3,-307),(27,4,2,-81),(27,5,7,308),(27,6,4,71),(28,0,4,-26),(28,1,3,-76),(28,2,5,134),(28,3,2,-130),(28,4,1,98),(29,0,9,0),(29,1,1,0),(29,2,5,0),(29,3,8,0),(30,0,4,18),(30,1,1,-6),(30,2,5,-6),(30,3,2,-6),(31,0,4,30),(31,1,1,-18),(31,2,5,-18),(31,3,2,6),(32,0,4,120),(32,1,1,-76),(32,2,5,60),(32,3,2,-104),(33,0,5,-53),(33,1,3,-16),(33,2,1,-9),(33,3,2,73),(33,4,4,5),(34,0,5,115),(34,1,2,111),(34,2,3,6),(34,3,1,-187),(34,4,4,-45),(35,0,5,-42),(35,1,1,-116),(35,2,3,-66),(35,3,2,154),(35,4,4,70),(36,0,5,-8),(36,1,2,-76),(36,2,4,76),(36,3,1,8),(37,0,5,-12),(37,1,1,74),(37,2,4,-42),(37,3,3,10),(37,4,2,-30),(38,0,4,32),(38,1,5,40),(38,2,1,-122),(38,3,2,106),(38,4,3,-56),(39,0,2,21),(39,1,4,87),(39,2,5,39),(39,3,1,36),(39,4,3,-183),(40,0,5,72),(40,1,3,48),(40,2,1,-80),(40,3,4,-40),(41,0,4,6),(41,1,5,-18),(41,2,2,38),(41,3,1,-26),(42,0,3,0),(42,1,1,0),(42,2,5,0),(42,3,4,0),(42,4,2,0),(43,0,3,-30),(43,1,10,0),(43,2,1,-48),(43,3,5,72),(43,4,4,-18),(43,5,2,24),(44,0,2,-10),(44,1,5,-40),(44,2,1,-68),(44,3,3,118),(44,4,4,38),(44,5,11,-38),(45,0,2,-37),(45,1,4,-50),(45,2,3,105),(45,3,1,-111),(45,4,5,93),(46,0,4,-98),(46,1,2,-30),(46,2,3,50),(46,3,1,51),(46,4,5,27),(47,0,4,-136),(47,1,5,108),(47,2,1,-52),(47,3,3,80),(48,0,1,12),(48,1,4,-60),(48,2,5,42),(48,3,2,-42),(48,4,3,48),(49,0,4,68),(49,1,5,100),(49,2,2,28),(49,3,1,-26),(49,4,3,-170),(50,0,5,56),(50,1,3,36),(50,2,4,-40),(50,3,1,-52),(51,0,1,42),(51,1,5,-126),(51,2,3,-32),(51,3,2,126),(51,4,4,-10),(52,0,5,-53),(52,1,3,-113),(52,2,4,13),(52,3,1,153),(53,0,5,46),(53,1,2,-94),(53,2,1,-118),(53,3,3,102),(53,4,4,64),(54,0,3,12),(54,1,2,30),(54,2,4,-6),(54,3,5,-6),(54,4,1,-30),(55,0,2,36),(55,1,5,104),(55,2,4,-60),(55,3,3,8),(55,4,1,-88),(56,0,2,30),(56,1,3,40),(56,2,1,-22),(56,3,4,-54),(56,4,5,6),(57,0,2,-8),(57,1,3,72),(57,2,5,14),(57,3,4,44),(57,4,1,-122),(58,0,2,-26),(58,1,3,-36),(58,2,5,94),(58,3,4,122),(58,4,1,-154),(59,0,5,26),(59,1,4,-148),(59,2,3,-30),(59,3,2,92),(59,4,1,60),(60,0,4,-84),(60,1,1,30),(60,2,5,48),(60,3,3,-30),(60,4,2,36),(61,0,5,96),(61,1,2,-104),(61,2,1,-8),(61,3,4,16),(62,0,9,10),(62,1,1,-118),(62,2,8,-14),(62,3,7,122),(63,0,4,4),(63,1,2,14),(63,2,5,6),(63,3,3,4),(63,4,1,-28),(64,0,1,36),(64,1,2,0),(64,2,3,-16),(64,3,4,-112),(64,4,5,92),(65,0,2,6),(65,1,4,132),(65,2,1,-38),(65,3,3,-214),(65,4,5,114),(66,0,1,50),(66,1,2,28),(66,2,3,68),(66,3,4,-128),(66,4,5,-18),(67,0,3,-160),(67,1,4,156),(67,2,1,34),(67,3,5,52),(67,4,2,-82),(68,0,2,-24),(68,1,5,-24),(68,2,4,24),(68,3,3,24),(68,4,1,0),(69,0,5,100),(69,1,1,64),(69,2,2,-100),(69,3,4,-64),(70,0,2,-50),(70,1,3,-38),(70,2,5,-22),(70,3,4,110);
/*!40000 ALTER TABLE `game_players` ENABLE KEYS */;
UNLOCK TABLES;

--
-- Table structure for table `game_round_players`
--

DROP TABLE IF EXISTS `game_round_players`;
/*!40101 SET @saved_cs_client     = @@character_set_client */;
/*!40101 SET character_set_client = utf8 */;
CREATE TABLE `game_round_players` (
  `game_round_id` int(10) unsigned NOT NULL,
  `player_position` int(10) unsigned NOT NULL,
  `bye` tinyint(1) NOT NULL COMMENT 'Boolean (0/1)',
  `points` int(11) DEFAULT NULL,
  PRIMARY KEY (`game_round_id`,`player_position`)
) ENGINE=InnoDB DEFAULT CHARSET=utf8 COLLATE=utf8_danish_ci;
/*!40101 SET character_set_client = @saved_cs_client */;

--
-- Dumping data for table `game_round_players`
--

LOCK TABLES `game_round_players` WRITE;
/*!40000 ALTER TABLE `game_round_players` DISABLE KEYS */;
INSERT INTO `game_round_players` VALUES (1,0,0,71),(1,1,0,71),(1,2,0,-71),(1,3,0,-71),(2,0,0,640),(2,1,0,-1920),(2,2,0,640),(2,3,0,640),(3,0,0,112),(3,1,0,-112),(3,2,0,112),(3,3,0,-112),(4,0,0,12),(4,1,0,12),(4,2,0,-12),(4,3,0,-12),(5,0,0,12),(5,1,0,12),(5,2,0,-12),(5,3,0,-12),(6,0,0,-12),(6,1,0,12),(6,2,0,12),(6,3,0,-12),(7,0,0,24),(7,1,0,24),(7,2,0,-24),(7,3,0,-24),(8,0,0,16),(8,1,0,16),(8,2,0,-16),(8,3,0,-16),(9,0,0,12),(9,1,0,-12),(9,2,0,12),(9,3,0,-12),(10,0,0,-72),(10,1,0,-72),(10,2,0,72),(10,3,0,72),(11,0,0,60),(11,1,0,108),(11,2,0,60),(11,3,0,-228),(12,0,0,24),(12,1,0,24),(12,2,0,-24),(12,3,0,-24),(13,0,0,16),(13,1,0,-16),(13,2,0,-16),(13,3,0,16),(14,0,0,24),(14,1,0,-24),(14,2,0,24),(14,3,0,-24),(15,0,0,-64),(15,1,0,-64),(15,2,0,-64),(15,3,0,192),(16,0,0,24),(16,1,0,-24),(16,2,0,-24),(16,3,0,24),(17,0,0,-6),(17,1,0,18),(17,2,0,-6),(17,3,0,-6),(18,0,0,-6),(18,1,0,18),(18,2,0,-6),(18,3,0,-6),(19,0,0,12),(19,1,0,-12),(19,2,0,12),(19,3,0,-12),(20,0,0,48),(20,1,0,-48),(20,2,0,48),(20,3,0,-48),(21,0,0,-6),(21,1,0,6),(21,2,0,6),(21,3,0,-6),(22,0,0,-24),(22,1,0,24),(22,2,0,-24),(22,3,0,24),(23,0,0,-6),(23,1,0,18),(23,2,0,-6),(23,3,0,-6),(24,0,0,-18),(24,1,0,18),(24,2,0,-18),(24,3,0,18),(25,0,0,-6),(25,1,0,-6),(25,2,0,6),(25,3,0,6),(26,0,0,-12),(26,1,0,12),(26,2,0,-12),(26,3,0,12),(27,0,0,12),(27,1,0,-12),(27,2,0,12),(27,3,0,-12),(28,0,0,-24),(28,1,0,24),(28,2,0,-24),(28,3,0,24),(38,0,0,256),(38,1,0,-256),(38,2,0,-256),(38,3,0,256),(39,0,0,256),(39,1,0,-256),(39,2,0,-256),(39,3,0,256),(40,0,0,192),(40,1,0,192),(40,2,0,-576),(40,3,0,192),(41,0,0,180),(41,1,0,-588),(41,2,0,228),(41,3,0,180),(43,0,0,4),(43,1,0,-4),(43,2,0,-4),(43,3,0,4),(44,0,0,-6),(44,1,0,6),(44,2,0,-6),(44,3,0,6),(45,0,0,24),(45,1,0,-24),(45,2,0,24),(45,3,0,-24),(46,0,0,-24),(46,1,0,24),(46,2,0,24),(46,3,0,-24),(47,0,0,-12),(47,1,0,36),(47,2,0,-12),(47,3,0,-12),(48,0,0,-6),(48,1,0,-6),(48,2,0,6),(48,3,0,6),(49,0,0,12),(49,1,0,12),(49,2,0,-12),(49,3,0,-12),(50,0,0,24),(50,1,0,-24),(50,2,0,24),(50,3,0,-24),(51,0,0,12),(51,1,0,12),(51,2,0,-12),(51,3,0,-12),(52,0,0,8),(52,1,0,8),(52,2,0,-8),(52,3,0,-8),(53,0,0,-18),(53,1,0,18),(53,2,0,18),(53,3,0,-18),(54,0,0,-12),(54,1,0,12),(54,2,0,12),(54,3,0,-12),(55,0,0,-16),(55,1,0,16),(55,2,0,-16),(55,3,0,16),(56,0,0,-16),(56,1,0,16),(56,2,0,-16),(56,3,0,16),(57,0,0,18),(57,1,0,-6),(57,2,0,-6),(57,3,0,-6),(58,0,0,24),(58,1,0,24),(58,2,0,24),(58,3,0,-72),(59,0,0,-16),(59,1,0,16),(59,2,0,-16),(59,3,0,16),(60,0,0,-12),(60,1,0,-12),(60,2,0,12),(60,3,0,12),(61,0,0,-36),(61,1,0,36),(61,2,0,-36),(61,3,0,36),(62,0,0,4),(62,1,0,4),(62,2,0,-4),(62,3,0,-4),(63,0,0,30),(63,1,0,-30),(63,2,0,-30),(63,3,0,30),(64,0,0,-40),(64,1,0,-40),(64,2,0,40),(64,3,0,40),(65,0,0,6),(65,1,0,6),(65,2,0,-6),(65,3,0,-6),(66,0,0,-16),(66,1,0,16),(66,2,0,-16),(66,3,0,16),(67,0,0,16),(67,1,0,16),(67,2,0,-16),(67,3,0,-16),(68,0,0,-32),(68,1,0,-32),(68,2,0,32),(68,3,0,32),(69,0,0,16),(69,1,0,-16),(69,2,0,-16),(69,3,0,16),(70,0,0,-12),(70,1,0,12),(70,2,0,-12),(70,3,0,12),(71,0,0,-6),(71,1,0,18),(71,2,0,-6),(71,3,0,-6),(72,0,0,36),(72,1,0,36),(72,2,0,-36),(72,3,0,-36),(73,0,0,-4),(73,1,0,-4),(73,2,0,4),(73,3,0,4),(74,0,0,-12),(74,1,0,12),(74,2,0,12),(74,3,0,-12),(75,0,0,12),(75,1,0,12),(75,2,0,12),(75,3,0,-36),(76,0,0,32),(76,1,0,-32),(76,2,0,32),(76,3,0,-32),(77,0,0,24),(77,1,0,-24),(77,2,0,-24),(77,3,0,24),(78,0,0,-6),(78,1,0,-6),(78,2,0,18),(78,3,0,-6),(79,0,0,-16),(79,1,0,48),(79,2,0,-16),(79,3,0,-16),(80,0,0,12),(80,1,0,-12),(80,2,0,-12),(80,3,0,12),(82,0,0,480),(82,1,0,96),(82,2,0,480),(82,3,0,-1056),(83,0,0,48),(83,1,0,48),(83,2,0,-48),(83,3,0,-48),(84,0,0,16),(84,1,0,-48),(84,2,0,16),(84,3,0,16),(85,0,0,18),(85,1,0,-6),(85,2,0,-6),(85,3,0,-6),(86,0,0,18),(86,1,0,18),(86,2,0,-18),(86,3,0,-18),(87,0,0,-36),(87,1,0,-36),(87,2,0,36),(87,3,0,36),(88,0,0,-12),(88,1,0,-12),(88,2,0,-12),(88,3,0,36),(89,0,0,12),(89,1,0,12),(89,2,0,-12),(89,3,0,-12),(90,0,0,-16),(90,1,0,-16),(90,2,0,16),(90,3,0,16),(91,0,0,4),(91,1,0,-4),(91,2,0,4),(91,3,0,-4),(92,0,0,-8),(92,1,0,8),(92,2,0,-8),(92,3,0,8),(93,0,0,24),(93,1,0,24),(93,2,0,-72),(93,3,0,24),(94,0,0,-48),(94,1,0,48),(94,2,0,-48),(94,3,0,48),(95,0,0,-32),(95,1,0,32),(95,2,0,-32),(95,3,0,32),(96,0,0,36),(96,1,0,36),(96,2,0,-108),(96,3,0,36),(97,0,0,60),(97,1,0,-60),(97,2,0,60),(97,3,0,-60),(98,0,0,-4),(98,1,0,4),(98,2,0,-4),(98,3,0,4),(99,0,0,264),(99,1,0,-792),(99,2,0,264),(99,3,0,264),(100,0,0,576),(100,1,0,-1728),(100,2,0,576),(100,3,0,576),(101,0,0,-60),(101,1,0,180),(101,2,0,-252),(101,3,0,132),(102,0,0,-144),(102,1,0,-528),(102,2,0,432),(102,3,0,240),(105,0,0,18),(105,1,0,42),(105,2,0,-78),(105,3,0,18),(106,0,0,-6),(106,1,0,6),(106,2,0,-6),(106,3,0,6),(107,0,0,8),(107,1,0,-8),(107,2,0,8),(107,3,0,-8),(108,0,0,24),(108,1,0,-24),(108,2,0,-24),(108,3,0,24),(109,0,0,-12),(109,1,0,36),(109,2,0,-12),(109,3,0,-12),(110,0,0,-96),(110,1,0,96),(110,2,0,-96),(110,3,0,96),(111,0,0,8),(111,1,0,-8),(111,2,0,8),(111,3,0,-8),(112,0,0,-24),(112,1,0,24),(112,2,0,24),(112,3,0,-24),(113,0,0,-24),(113,1,0,-24),(113,2,0,24),(113,3,0,24),(114,0,0,-4),(114,1,0,4),(114,2,0,-4),(114,3,0,4),(115,0,0,16),(115,1,0,-16),(115,2,0,-16),(115,3,0,16),(116,0,0,48),(116,1,0,-144),(116,2,0,48),(116,3,0,48),(117,0,0,-96),(117,1,0,-96),(117,2,0,96),(117,3,0,96),(118,0,0,12),(118,1,0,-12),(118,2,0,-12),(118,3,0,12),(119,0,0,-16),(119,1,0,16),(119,2,0,-16),(119,3,0,16),(120,0,0,24),(120,1,0,-24),(120,2,0,-24),(120,3,0,24),(121,0,0,64),(121,1,0,-192),(121,2,0,64),(121,3,0,64),(122,0,0,-16),(122,1,0,-16),(122,2,0,16),(122,3,0,16),(123,0,0,-36),(123,1,0,36),(123,2,0,36),(123,3,0,-36),(124,0,0,-16),(124,1,0,16),(124,2,0,16),(124,3,0,-16),(125,0,0,-144),(125,1,0,48),(125,2,0,48),(125,3,0,48),(126,0,0,6),(126,1,0,-6),(126,2,0,6),(126,3,0,-6),(127,0,0,8),(127,1,0,-8),(127,2,0,8),(127,3,0,-8),(128,0,0,12),(128,1,0,12),(128,2,0,-12),(128,3,0,-12),(129,0,0,18),(129,1,0,-6),(129,2,0,-6),(129,3,0,-6),(130,0,0,16),(130,1,0,-16),(130,2,0,-16),(130,3,0,16),(131,0,0,16),(131,1,0,-16),(131,2,0,-16),(131,3,0,16),(132,0,0,-30),(132,1,0,-30),(132,2,0,30),(132,3,0,30),(133,0,0,-32),(133,1,0,32),(133,2,0,32),(133,3,0,-32),(134,0,0,16),(134,1,0,-16),(134,2,0,-16),(134,3,0,16),(135,0,0,-6),(135,1,0,18),(135,2,0,-6),(135,3,0,-6),(136,0,0,-12),(136,1,0,-12),(136,2,0,-12),(136,3,0,36),(137,0,0,30),(137,1,0,6),(137,2,0,-18),(137,3,0,-18),(138,0,0,16),(138,1,0,16),(138,2,0,-16),(138,3,0,-16),(139,0,0,-12),(139,1,0,-12),(139,2,0,-12),(139,3,0,36),(140,0,0,12),(140,1,0,12),(140,2,0,12),(140,3,0,-36),(141,0,0,32),(141,1,0,-32),(141,2,0,32),(141,3,0,-32),(142,0,0,12),(142,1,0,-36),(142,2,0,12),(142,3,0,12),(143,0,0,-12),(143,1,0,12),(143,2,0,12),(143,3,0,-12),(144,0,0,24),(144,1,0,-24),(144,2,0,-24),(144,3,0,24),(146,0,0,-24),(146,1,0,-24),(146,2,0,24),(146,3,0,24),(147,0,0,-8),(147,1,0,-8),(147,2,0,8),(147,3,0,8),(148,0,0,32),(148,1,0,-32),(148,2,0,32),(148,3,0,-32),(149,0,0,24),(149,1,0,-24),(149,2,0,-24),(149,3,0,24),(150,0,0,-48),(150,1,0,48),(150,2,0,-48),(150,3,0,48),(151,0,0,48),(151,1,0,-48),(151,2,0,-48),(151,3,0,48),(153,0,0,48),(153,1,0,-48),(153,2,0,48),(153,3,0,-48),(154,0,0,-6),(154,1,0,6),(154,2,0,6),(154,3,0,-6),(155,0,0,48),(155,1,0,-48),(155,2,0,48),(155,3,0,-48),(156,0,0,24),(156,1,0,-24),(156,2,0,-24),(156,3,0,24),(158,0,0,18),(158,1,0,-6),(158,2,0,-6),(158,3,0,-6),(159,0,0,-16),(159,1,0,-16),(159,2,0,16),(159,3,0,16),(160,0,0,32),(160,1,0,32),(160,2,0,-32),(160,3,0,-32),(161,0,0,32),(161,1,0,32),(161,2,0,-32),(161,3,0,-32),(162,0,0,12),(162,1,0,-36),(162,2,0,12),(162,3,0,12),(163,0,0,-72),(163,1,0,24),(163,2,0,24),(163,3,0,24),(164,0,0,36),(164,1,0,-36),(164,2,0,-36),(164,3,0,36),(165,0,0,24),(165,1,0,24),(165,2,0,-24),(165,3,0,-24),(166,0,0,30),(166,1,0,6),(166,2,0,-18),(166,3,0,-18),(167,0,0,-12),(167,1,0,12),(167,2,0,12),(167,3,0,-12),(168,0,0,-6),(168,1,0,6),(168,2,0,6),(168,3,0,-6),(169,0,0,-16),(169,1,0,-16),(169,2,0,16),(169,3,0,16),(170,0,0,40),(170,1,0,-40),(170,2,0,40),(170,3,0,-40),(171,0,0,-16),(171,1,0,-16),(171,2,0,16),(171,3,0,16),(172,0,0,-6),(172,1,0,6),(172,2,0,-6),(172,3,0,6),(173,0,0,-24),(173,1,0,24),(173,2,0,24),(173,3,0,-24),(174,0,0,24),(174,1,0,-24),(174,2,0,-24),(174,3,0,24),(175,0,0,-4),(175,1,0,-4),(175,2,0,4),(175,3,0,4),(176,0,0,8),(176,1,0,-8),(176,2,0,8),(176,3,0,-8),(177,0,0,-8),(177,1,0,8),(177,2,0,8),(177,3,0,-8),(178,0,0,-6),(178,1,0,-6),(178,2,0,18),(178,3,0,-6),(179,0,0,-16),(179,1,0,16),(179,2,0,-16),(179,3,0,16),(180,0,0,-4),(180,1,0,4),(180,2,0,4),(180,3,0,-4),(181,0,0,24),(181,1,0,24),(181,2,0,-24),(181,3,0,-24),(182,0,0,6),(182,1,0,-6),(182,2,0,6),(182,3,0,-6),(183,0,0,24),(183,1,0,24),(183,2,0,-72),(183,3,0,24),(184,0,0,32),(184,1,0,32),(184,2,0,-96),(184,3,0,32),(185,0,0,48),(185,1,0,48),(185,2,0,48),(185,3,0,-144),(186,0,0,-48),(186,1,0,-48),(186,2,1,NULL),(186,3,0,48),(186,4,0,48),(187,0,0,8),(187,1,1,NULL),(187,2,0,8),(187,3,0,-8),(187,4,0,8),(188,0,0,12),(188,1,0,-12),(188,2,1,NULL),(188,3,0,12),(188,4,0,-12),(199,0,0,24),(199,1,0,-24),(199,2,1,NULL),(199,3,0,24),(199,4,0,24),(200,0,0,64),(200,1,0,0),(200,2,0,-64),(200,3,1,NULL),(200,4,0,64),(201,0,0,14),(201,1,1,NULL),(201,2,0,-14),(201,3,0,14),(201,4,0,14),(206,0,0,-36),(206,1,1,NULL),(206,2,0,-36),(206,3,0,36),(206,4,0,36),(208,0,0,-24),(208,1,1,NULL),(208,2,0,222),(208,3,0,34),(208,4,0,12),(209,0,0,84),(209,1,0,84),(209,2,0,-84),(209,3,0,-84),(209,4,1,NULL),(210,0,0,-9),(210,1,0,-9),(210,2,1,NULL),(210,3,0,27),(210,4,0,-9),(211,0,0,-6),(211,1,0,-6),(211,2,0,-6),(211,3,1,NULL),(211,4,0,18),(212,0,0,-6),(212,1,0,-6),(212,2,0,-6),(212,3,0,18),(212,4,1,NULL),(213,0,0,30),(213,1,0,6),(213,2,0,6),(213,3,1,NULL),(213,4,0,-42),(215,0,0,-42),(215,1,0,42),(215,2,0,-42),(215,3,1,NULL),(215,4,0,42),(216,0,0,-6),(216,1,1,NULL),(216,2,0,18),(216,3,0,-6),(216,4,0,-6),(217,0,0,-24),(217,1,0,24),(217,2,1,NULL),(217,3,0,-24),(217,4,0,24),(218,0,0,672),(218,1,0,672),(218,2,0,-672),(218,3,1,NULL),(218,4,0,-672),(219,0,0,24),(219,1,1,NULL),(219,2,0,24),(219,3,0,24),(219,4,0,-72),(220,0,0,1536),(220,1,0,1536),(220,2,0,-4608),(220,3,1,NULL),(220,4,0,1536),(221,0,0,36),(221,1,1,NULL),(221,2,0,-36),(221,3,0,-36),(221,4,0,36),(223,0,0,-36),(223,1,0,-36),(223,2,0,36),(223,3,0,36),(224,0,0,-120),(224,1,0,72),(224,2,0,168),(224,3,0,-120),(225,0,0,-12),(225,1,0,-12),(225,2,1,NULL),(225,3,0,12),(225,4,1,NULL),(225,5,0,12),(226,0,1,NULL),(226,1,1,NULL),(226,2,0,-12),(226,3,0,36),(226,4,0,36),(226,5,0,-60),(227,0,0,-2),(227,1,0,-2),(227,2,0,-2),(227,3,1,NULL),(227,4,1,NULL),(227,5,0,5),(228,0,1,NULL),(228,1,0,10),(228,2,0,10),(228,3,0,-10),(228,4,0,-10),(228,5,1,NULL),(229,0,0,-3),(229,1,1,NULL),(229,2,1,NULL),(229,3,0,-3),(229,4,0,3),(229,5,0,3),(230,0,1,NULL),(230,1,1,NULL),(230,2,0,-16),(230,3,0,-16),(230,4,0,16),(230,5,0,16),(231,0,0,84),(231,1,0,-84),(231,2,1,NULL),(231,3,1,NULL),(231,4,0,84),(231,5,0,-84),(232,0,1,NULL),(232,1,0,-16),(232,2,0,16),(232,3,0,-16),(232,4,0,16),(232,5,1,NULL),(233,0,0,-12),(233,1,0,-12),(233,2,0,36),(233,3,1,NULL),(233,4,1,NULL),(233,5,0,-12),(234,0,0,48),(234,1,0,-48),(234,2,1,NULL),(234,3,1,NULL),(234,4,0,48),(234,5,0,-48),(235,0,1,NULL),(235,1,1,NULL),(235,2,0,24),(235,3,0,72),(235,4,0,-168),(235,5,0,72),(236,0,1,NULL),(236,1,1,NULL),(236,2,0,-12),(236,3,0,36),(236,4,0,36),(236,5,0,-60),(237,0,0,576),(237,1,0,576),(237,2,1,NULL),(237,3,1,NULL),(237,4,0,576),(237,5,0,-1728),(238,0,0,240),(238,1,1,NULL),(238,2,1,NULL),(238,3,0,240),(238,4,0,240),(238,5,0,-720),(240,0,0,-8),(240,1,0,-8),(240,2,0,8),(240,3,1,NULL),(240,4,1,NULL),(240,5,0,8),(241,0,0,-12),(241,1,0,12),(241,2,0,12),(241,3,0,-12),(241,4,1,NULL),(241,5,1,NULL),(242,0,1,NULL),(242,1,1,NULL),(242,2,0,240),(242,3,0,240),(242,4,0,240),(242,5,0,-720),(243,0,0,-8),(243,1,0,-8),(243,2,0,8),(243,3,1,NULL),(243,4,1,NULL),(243,5,0,8),(244,0,0,10),(244,1,0,-10),(244,2,1,NULL),(244,3,0,-10),(244,4,1,NULL),(244,5,0,10),(246,0,0,9),(246,1,0,9),(246,2,0,-27),(246,3,0,9),(246,4,1,NULL),(246,5,1,NULL),(247,0,1,NULL),(247,1,0,-3),(247,2,0,-3),(247,3,0,3),(247,4,1,NULL),(247,5,0,3),(249,0,0,-12),(249,1,0,-12),(249,2,0,-12),(249,3,1,NULL),(249,4,0,36),(249,5,1,NULL),(251,0,0,168),(251,1,0,-216),(251,2,0,-72),(251,3,1,NULL),(251,4,0,120),(252,0,0,-12),(252,1,0,12),(252,2,0,12),(252,3,0,-12),(252,4,1,NULL),(254,0,0,-8),(254,1,1,NULL),(254,2,0,8),(254,3,0,8),(254,4,0,-8),(255,0,0,-16),(255,1,0,-16),(255,2,1,NULL),(255,3,0,48),(255,4,0,-16),(258,0,0,12),(258,1,0,12),(258,2,0,-36),(258,3,0,12),(260,0,0,32),(260,1,0,-32),(260,2,0,32),(260,3,0,-32),(262,0,0,-48),(262,1,0,48),(262,2,1,NULL),(262,3,1,NULL),(262,4,0,48),(262,5,0,-48),(264,0,0,96),(264,1,0,96),(264,2,1,NULL),(264,3,0,-192),(264,4,0,0),(265,0,0,18),(265,1,0,-18),(265,2,0,-18),(265,3,0,18),(266,0,0,6),(266,1,0,-6),(266,2,0,6),(266,3,0,-6),(267,0,0,24),(267,1,0,-24),(267,2,0,24),(267,3,0,-24),(268,0,0,-12),(268,1,0,12),(268,2,0,12),(268,3,0,-12),(269,0,0,-16),(269,1,0,16),(269,2,0,-16),(269,3,0,16),(270,0,0,-16),(270,1,0,16),(270,2,0,16),(270,3,0,-16),(271,0,0,-16),(271,1,0,-16),(271,2,0,16),(271,3,0,16),(272,0,0,-40),(272,1,0,40),(272,2,0,40),(272,3,0,-40),(273,0,0,-12),(273,1,0,36),(273,2,0,-12),(273,3,0,-12),(274,0,0,8),(274,1,0,-8),(274,2,0,8),(274,3,0,-8),(275,0,0,32),(275,1,0,32),(275,2,0,-96),(275,3,0,32),(276,0,0,16),(276,1,0,16),(276,2,0,-16),(276,3,0,-16),(277,0,0,12),(277,1,0,-12),(277,2,0,12),(277,3,0,-12),(278,0,0,-16),(278,1,0,-16),(278,2,0,16),(278,3,0,16),(279,0,0,12),(279,1,0,-12),(279,2,0,-12),(279,3,0,12),(280,0,0,12),(280,1,0,12),(280,2,0,-36),(280,3,0,12),(281,0,0,-6),(281,1,0,6),(281,2,0,6),(281,3,0,-6),(282,0,0,-24),(282,1,0,24),(282,2,0,-24),(282,3,0,24),(283,0,0,6),(283,1,0,30),(283,2,0,6),(283,3,0,-42),(284,0,0,12),(284,1,0,60),(284,2,0,-84),(284,3,0,12),(287,0,0,40),(287,1,0,40),(287,2,0,-40),(287,3,1,NULL),(287,4,0,-40),(288,0,0,-128),(288,1,0,-128),(288,2,0,128),(288,3,0,128),(288,4,1,NULL),(289,0,1,NULL),(289,1,0,96),(289,2,0,-96),(289,3,0,-96),(289,4,0,96),(290,0,0,36),(290,1,0,-36),(290,2,0,-36),(290,3,1,NULL),(290,4,1,NULL),(290,5,0,36),(291,0,0,-42),(291,1,0,42),(291,2,0,42),(291,3,0,-42),(291,4,1,NULL),(291,5,1,NULL),(292,0,1,NULL),(292,1,0,36),(292,2,0,-36),(292,3,0,-36),(292,4,0,36),(292,5,1,NULL),(293,0,1,NULL),(293,1,1,NULL),(293,2,0,18),(293,3,0,-54),(293,4,0,18),(293,5,0,18),(294,0,0,15),(294,1,0,-15),(294,2,0,-15),(294,3,0,15),(294,4,1,NULL),(294,5,1,NULL),(294,6,1,NULL),(295,0,1,NULL),(295,1,0,-48),(295,2,0,48),(295,3,0,-48),(295,4,0,48),(295,5,1,NULL),(295,6,1,NULL),(296,0,1,NULL),(296,1,0,60),(296,2,0,-60),(296,3,1,NULL),(296,4,0,-60),(296,5,1,NULL),(296,6,0,60),(297,0,0,18),(297,1,1,NULL),(297,2,0,18),(297,3,0,-18),(297,4,1,NULL),(297,5,0,-18),(297,6,1,NULL),(298,0,1,NULL),(298,1,0,12),(298,2,1,NULL),(298,3,0,12),(298,4,0,-12),(298,5,1,NULL),(298,6,0,-12),(299,0,0,-72),(299,1,1,NULL),(299,2,0,24),(299,3,1,NULL),(299,4,0,24),(299,5,0,24),(299,6,1,NULL),(302,0,1,NULL),(302,1,0,-36),(302,2,1,NULL),(302,3,0,12),(302,4,1,NULL),(302,5,0,12),(302,6,0,12),(303,0,0,48),(303,1,1,NULL),(303,2,0,-48),(303,3,1,NULL),(303,4,0,48),(303,5,1,NULL),(303,6,0,-48),(304,0,0,8),(304,1,0,-8),(304,2,1,NULL),(304,3,1,NULL),(304,4,1,NULL),(304,5,0,8),(304,6,0,-8),(305,0,0,12),(305,1,0,12),(305,2,1,NULL),(305,3,1,NULL),(305,4,0,-12),(305,5,1,NULL),(305,6,0,-12),(306,0,0,-32),(306,1,0,32),(306,2,0,-32),(306,3,1,NULL),(306,4,1,NULL),(306,5,0,32),(306,6,1,NULL),(307,0,1,NULL),(307,1,0,8),(307,2,0,-8),(307,3,0,8),(307,4,1,NULL),(307,5,1,NULL),(307,6,0,-8),(308,0,1,NULL),(308,1,0,24),(308,2,0,24),(308,3,0,0),(308,4,1,NULL),(308,5,1,NULL),(308,6,0,-48),(309,0,0,-8),(309,1,1,NULL),(309,2,0,8),(309,3,0,8),(309,4,0,-8),(309,5,1,NULL),(309,6,1,NULL),(310,0,0,-12),(310,1,0,-12),(310,2,1,NULL),(310,3,1,NULL),(310,4,0,12),(310,5,0,12),(310,6,1,NULL),(311,0,1,NULL),(311,1,0,-72),(311,2,0,72),(311,3,1,NULL),(311,4,0,-72),(311,5,1,NULL),(311,6,0,72),(312,0,0,24),(312,1,1,NULL),(312,2,0,24),(312,3,0,-72),(312,4,1,NULL),(312,5,0,24),(312,6,1,NULL),(313,0,1,NULL),(313,1,0,-12),(313,2,1,NULL),(313,3,0,12),(313,4,0,-12),(313,5,1,NULL),(313,6,0,12),(314,0,0,-32),(314,1,1,NULL),(314,2,0,32),(314,3,1,NULL),(314,4,0,32),(314,5,0,-32),(314,6,1,NULL),(315,0,1,NULL),(315,1,0,18),(315,2,1,NULL),(315,3,0,-18),(315,4,1,NULL),(315,5,0,-18),(315,6,0,18),(316,0,0,24),(316,1,1,NULL),(316,2,0,24),(316,3,1,NULL),(316,4,0,-72),(316,5,1,NULL),(316,6,0,24),(317,0,0,240),(317,1,0,-240),(317,2,1,NULL),(317,3,0,-240),(317,4,1,NULL),(317,5,0,240),(317,6,1,NULL),(318,0,1,NULL),(318,1,0,-3),(318,2,0,3),(318,3,1,NULL),(318,4,0,-3),(318,5,1,NULL),(318,6,0,3),(319,0,0,-8),(319,1,1,NULL),(319,2,0,-8),(319,3,0,-8),(319,4,1,NULL),(319,5,0,24),(319,6,1,NULL),(320,0,1,NULL),(320,1,0,-42),(320,2,1,NULL),(320,3,0,30),(320,4,0,6),(320,5,1,NULL),(320,6,0,6),(321,0,0,NULL),(321,1,1,NULL),(321,2,0,NULL),(321,3,1,NULL),(321,4,0,NULL),(321,5,0,NULL),(321,6,1,NULL),(322,0,0,-36),(322,1,0,-36),(322,2,0,36),(322,3,0,36),(322,4,1,NULL),(323,0,1,NULL),(323,1,0,16),(323,2,0,-16),(323,3,0,-16),(323,4,0,16),(324,0,0,-16),(324,1,1,NULL),(324,2,0,16),(324,3,0,-16),(324,4,0,16),(325,0,0,-16),(325,1,0,16),(325,2,1,NULL),(325,3,0,-16),(325,4,0,16),(326,0,0,12),(326,1,0,-12),(326,2,0,-12),(326,3,1,NULL),(326,4,0,12),(327,0,0,16),(327,1,0,-48),(327,2,0,16),(327,3,0,16),(327,4,1,NULL),(328,0,1,NULL),(328,1,0,-12),(328,2,0,36),(328,3,0,-12),(328,4,0,-12),(329,0,0,-18),(329,1,1,NULL),(329,2,0,6),(329,3,0,30),(329,4,0,-18),(330,0,0,24),(330,1,1,NULL),(330,2,0,-24),(330,3,0,-24),(330,4,0,24),(331,0,0,-30),(331,1,1,NULL),(331,2,0,30),(331,3,0,30),(331,4,0,-30),(332,0,0,12),(332,1,1,NULL),(332,2,0,12),(332,3,0,-12),(332,4,0,-12),(333,0,0,-24),(333,1,1,NULL),(333,2,0,-24),(333,3,0,24),(333,4,0,24),(334,0,0,8),(334,1,1,NULL),(334,2,0,-8),(334,3,0,-8),(334,4,0,8),(335,0,0,48),(335,1,1,NULL),(335,2,0,48),(335,3,0,-144),(335,4,0,48),(336,0,0,18),(336,1,1,NULL),(336,2,0,18),(336,3,0,-18),(336,4,0,-18),(337,0,0,12),(337,1,1,NULL),(337,2,0,-12),(337,3,0,-12),(337,4,0,12),(338,0,0,-36),(338,1,1,NULL),(338,2,0,12),(338,3,0,12),(338,4,0,12),(339,0,0,18),(339,1,0,-6),(339,2,0,-6),(339,3,0,-6),(340,0,0,18),(340,1,0,-6),(340,2,0,-6),(340,3,0,-6),(341,0,0,12),(341,1,0,-12),(341,2,0,-12),(341,3,0,12),(342,0,0,18),(342,1,0,-6),(342,2,0,-6),(342,3,0,-6),(343,0,0,-6),(343,1,0,6),(343,2,0,-6),(343,3,0,6),(344,0,0,8),(344,1,0,8),(344,2,0,-8),(344,3,0,-8),(345,0,0,40),(345,1,0,40),(345,2,0,-40),(345,3,0,-40),(346,0,0,-12),(346,1,0,-12),(346,2,0,36),(346,3,0,-12),(348,0,0,-12),(348,1,0,-12),(348,2,0,12),(348,3,0,12),(348,4,1,NULL),(349,0,1,NULL),(349,1,0,18),(349,2,0,-6),(349,3,0,-6),(349,4,0,-6),(350,0,0,-4),(350,1,1,NULL),(350,2,0,-4),(350,3,0,4),(350,4,0,4),(351,0,0,30),(351,1,0,-30),(351,2,1,NULL),(351,3,0,-30),(351,4,0,30),(352,0,0,-6),(352,1,0,-6),(352,2,0,6),(352,3,1,NULL),(352,4,0,6),(353,0,0,-24),(353,1,0,24),(353,2,0,24),(353,3,0,-24),(353,4,1,NULL),(354,0,1,NULL),(354,1,0,-16),(354,2,0,-16),(354,3,0,48),(354,4,0,-16),(355,0,0,-12),(355,1,1,NULL),(355,2,0,-12),(355,3,0,12),(355,4,0,12),(356,0,0,-42),(356,1,0,6),(356,2,1,NULL),(356,3,0,6),(356,4,0,30),(357,0,0,12),(357,1,1,NULL),(357,2,0,12),(357,3,0,-12),(357,4,0,-12),(358,0,0,-6),(358,1,1,NULL),(358,2,0,18),(358,3,0,-6),(358,4,0,-6),(359,0,0,-16),(359,1,1,NULL),(359,2,0,16),(359,3,0,16),(359,4,0,-16),(360,0,0,-8),(360,1,1,NULL),(360,2,0,8),(360,3,0,-8),(360,4,0,8),(361,0,0,-16),(361,1,1,NULL),(361,2,0,-16),(361,3,0,16),(361,4,0,16),(362,0,0,32),(362,1,1,NULL),(362,2,0,-32),(362,3,0,32),(362,4,0,-32),(363,0,0,3),(363,1,1,NULL),(363,2,0,-3),(363,3,0,-3),(363,4,0,3),(364,0,0,16),(364,1,1,NULL),(364,2,0,-16),(364,3,0,16),(364,4,0,-16),(366,0,1,NULL),(366,1,0,-6),(366,2,0,-6),(366,3,0,18),(366,4,0,-6),(367,0,0,-12),(367,1,1,NULL),(367,2,0,12),(367,3,0,-12),(367,4,0,12),(368,0,0,18),(368,1,0,18),(368,2,1,NULL),(368,3,0,-54),(368,4,0,18),(369,0,0,18),(369,1,0,-6),(369,2,0,-6),(369,3,1,NULL),(369,4,0,-6),(370,0,0,6),(370,1,0,-6),(370,2,0,-6),(370,3,0,6),(370,4,1,NULL),(371,0,1,NULL),(371,1,0,24),(371,2,0,-24),(371,3,0,-24),(371,4,0,24),(372,0,0,-24),(372,1,1,NULL),(372,2,0,24),(372,3,0,24),(372,4,0,-24),(373,0,0,12),(373,1,0,-12),(373,2,1,NULL),(373,3,0,-12),(373,4,0,12),(374,0,0,-8),(374,1,0,-8),(374,2,0,8),(374,3,1,NULL),(374,4,0,8),(375,0,0,18),(375,1,0,18),(375,2,0,-18),(375,3,0,-18),(375,4,1,NULL),(376,0,1,NULL),(376,1,0,40),(376,2,0,40),(376,3,0,40),(376,4,0,-120),(377,0,0,-6),(377,1,0,6),(377,2,1,NULL),(377,3,0,6),(377,4,0,-6),(378,0,0,-18),(378,1,0,18),(378,2,0,-18),(378,3,1,NULL),(378,4,0,18),(380,0,0,32),(380,1,0,-32),(380,2,1,NULL),(380,3,0,-32),(380,4,0,32),(381,0,0,3),(381,1,0,-3),(381,2,1,NULL),(381,3,0,3),(381,4,0,-3),(382,0,0,24),(382,1,0,24),(382,2,1,NULL),(382,3,0,-24),(382,4,0,-24),(383,0,0,16),(383,1,0,-16),(383,2,1,NULL),(383,3,0,-16),(383,4,0,16),(384,0,0,-8),(384,1,0,8),(384,2,1,NULL),(384,3,0,-8),(384,4,0,8),(385,0,0,12),(385,1,0,12),(385,2,1,NULL),(385,3,0,12),(385,4,0,-36),(386,0,0,32),(386,1,0,32),(386,2,1,NULL),(386,3,0,-96),(386,4,0,32),(387,0,0,-16),(387,1,0,-16),(387,2,0,16),(387,3,0,16),(387,4,1,NULL),(388,0,1,NULL),(388,1,0,8),(388,2,0,-8),(388,3,0,8),(388,4,0,-8),(389,0,0,18),(389,1,1,NULL),(389,2,0,-6),(389,3,0,-6),(389,4,0,-6),(390,0,0,-6),(390,1,0,-6),(390,2,1,NULL),(390,3,0,-6),(390,4,0,18),(391,0,0,-8),(391,1,0,-8),(391,2,0,8),(391,3,1,NULL),(391,4,0,8),(392,0,0,-12),(392,1,0,12),(392,2,0,12),(392,3,0,-12),(392,4,1,NULL),(393,0,1,NULL),(393,1,0,-64),(393,2,0,-64),(393,3,0,64),(393,4,0,64),(394,0,0,24),(394,1,1,NULL),(394,2,0,-24),(394,3,0,24),(394,4,0,-24),(395,0,0,-18),(395,1,0,-18),(395,2,1,NULL),(395,3,0,18),(395,4,0,18),(397,0,0,-6),(397,1,0,-6),(397,2,1,NULL),(397,3,0,18),(397,4,0,-6),(398,0,0,24),(398,1,0,24),(398,2,1,NULL),(398,3,0,-24),(398,4,0,-24),(399,0,0,-6),(399,1,0,-6),(399,2,1,NULL),(399,3,0,18),(399,4,0,-6),(400,0,0,-6),(400,1,0,6),(400,2,1,NULL),(400,3,0,-6),(400,4,0,6),(401,0,0,6),(401,1,0,-6),(401,2,1,NULL),(401,3,0,6),(401,4,0,-6),(402,0,0,-36),(402,1,0,-36),(402,2,1,NULL),(402,3,0,36),(402,4,0,36),(403,0,0,8),(403,1,0,-8),(403,2,0,8),(403,3,0,-8),(404,0,0,32),(404,1,0,-32),(404,2,0,32),(404,3,0,-32),(405,0,0,-36),(405,1,0,-36),(405,2,0,36),(405,3,0,36),(406,0,0,6),(406,1,0,6),(406,2,0,-6),(406,3,0,-6),(407,0,0,6),(407,1,0,-6),(407,2,0,6),(407,3,0,-6),(408,0,0,18),(408,1,0,-6),(408,2,0,-6),(408,3,0,-6),(409,0,0,18),(409,1,0,-6),(409,2,0,-6),(409,3,0,-6),(410,0,0,-24),(410,1,0,24),(410,2,0,24),(410,3,0,-24),(411,0,0,24),(411,1,0,-24),(411,2,0,-24),(411,3,0,24),(412,0,0,-72),(412,1,0,24),(412,2,0,24),(412,3,0,24),(413,0,0,-6),(413,1,0,-6),(413,2,0,-6),(413,3,0,18),(414,0,0,18),(414,1,0,-6),(414,2,0,-6),(414,3,0,-6),(415,0,0,12),(415,1,1,NULL),(415,2,0,12),(415,3,0,-12),(415,4,0,-12),(416,0,0,-32),(416,1,0,32),(416,2,1,NULL),(416,3,0,32),(416,4,0,-32),(417,0,0,16),(417,1,0,-16),(417,2,0,16),(417,3,1,NULL),(417,4,0,-16),(418,0,0,16),(418,1,0,16),(418,2,0,-16),(418,3,0,-16),(418,4,1,NULL),(419,0,1,NULL),(419,1,0,30),(419,2,0,-42),(419,3,0,6),(419,4,0,6),(420,0,0,-12),(420,1,1,NULL),(420,2,0,-12),(420,3,0,12),(420,4,0,12),(421,0,0,-12),(421,1,0,12),(421,2,1,NULL),(421,3,0,-12),(421,4,0,12),(422,0,0,-6),(422,1,0,6),(422,2,0,6),(422,3,1,NULL),(422,4,0,-6),(423,0,0,6),(423,1,0,-6),(423,2,0,-6),(423,3,0,6),(423,4,1,NULL),(424,0,1,NULL),(424,1,0,48),(424,2,0,-48),(424,3,0,48),(424,4,0,-48),(425,0,0,-16),(425,1,1,NULL),(425,2,0,-16),(425,3,0,16),(425,4,0,16),(426,0,0,18),(426,1,0,18),(426,2,1,NULL),(426,3,0,-18),(426,4,0,-18),(427,0,0,-32),(427,1,0,32),(427,2,0,-32),(427,3,1,NULL),(427,4,0,32),(428,0,0,-12),(428,1,0,-12),(428,2,0,12),(428,3,0,12),(428,4,1,NULL),(429,0,1,NULL),(429,1,0,12),(429,2,0,-12),(429,3,0,12),(429,4,0,-12),(430,0,0,4),(430,1,1,NULL),(430,2,0,-4),(430,3,0,-4),(430,4,0,4),(431,0,0,12),(431,1,0,12),(431,2,1,NULL),(431,3,0,12),(431,4,0,-36),(432,0,0,12),(432,1,0,-12),(432,2,0,-12),(432,3,1,NULL),(432,4,0,12),(433,0,0,40),(433,1,0,-40),(433,2,0,-40),(433,3,0,40),(433,4,1,NULL),(434,0,0,-6),(434,1,0,-6),(434,2,0,18),(434,3,0,-6),(434,4,1,NULL),(436,0,0,12),(436,1,0,-12),(436,2,0,12),(436,3,0,-12),(436,4,1,NULL),(437,0,0,24),(437,1,1,NULL),(437,2,0,-24),(437,3,0,24),(437,4,0,-24),(438,0,1,NULL),(438,1,0,48),(438,2,0,48),(438,3,0,-48),(438,4,0,-48),(439,0,0,-16),(439,1,1,NULL),(439,2,0,48),(439,3,0,-16),(439,4,0,-16),(440,0,0,-32),(440,1,0,32),(440,2,1,NULL),(440,3,0,32),(440,4,0,-32),(441,0,0,-9),(441,1,0,9),(441,2,0,9),(441,3,1,NULL),(441,4,0,-9),(442,0,0,4),(442,1,0,-4),(442,2,0,4),(442,3,0,-4),(442,4,1,NULL),(443,0,1,NULL),(443,1,0,16),(443,2,0,-16),(443,3,0,16),(443,4,0,-16),(444,0,0,-8),(444,1,1,NULL),(444,2,0,8),(444,3,0,8),(444,4,0,-8),(445,0,0,-20),(445,1,0,-20),(445,2,1,NULL),(445,3,0,20),(445,4,0,20),(446,0,0,30),(446,1,0,30),(446,2,0,-30),(446,3,1,NULL),(446,4,0,-30),(447,0,0,32),(447,1,0,-32),(447,2,0,-32),(447,3,0,32),(447,4,1,NULL),(448,0,1,NULL),(448,1,0,12),(448,2,0,12),(448,3,0,-12),(448,4,0,-12),(449,0,0,12),(449,1,1,NULL),(449,2,0,12),(449,3,0,-12),(449,4,0,-12),(450,0,0,4),(450,1,0,-4),(450,2,1,NULL),(450,3,0,-4),(450,4,0,4),(451,0,0,8),(451,1,0,-8),(451,2,0,8),(451,3,0,-8),(452,0,0,8),(452,1,0,8),(452,2,0,-8),(452,3,0,-8),(453,0,0,-6),(453,1,0,-6),(453,2,0,-6),(453,3,0,18),(454,0,0,36),(454,1,0,36),(454,2,0,-36),(454,3,0,-36),(455,0,0,16),(455,1,0,16),(455,2,0,-16),(455,3,0,-16),(456,0,0,-6),(456,1,0,18),(456,2,0,-6),(456,3,0,-6),(457,0,0,16),(457,1,0,-16),(457,2,0,-16),(457,3,0,16),(458,0,0,60),(458,1,1,NULL),(458,2,1,NULL),(458,3,0,-60),(458,4,0,-60),(458,5,0,60),(459,0,0,864),(459,1,0,864),(459,2,1,NULL),(459,3,1,NULL),(459,4,0,-2592),(459,5,0,864),(461,0,0,256),(461,1,0,-768),(461,2,0,256),(461,3,1,NULL),(461,4,1,NULL),(461,5,0,256),(462,0,0,-72),(462,1,0,72),(462,2,0,-72),(462,3,0,72),(462,4,1,NULL),(462,5,1,NULL),(463,0,1,NULL),(463,1,0,-6),(463,2,0,6),(463,3,0,-6),(463,4,0,6),(463,5,1,NULL),(464,0,1,NULL),(464,1,1,NULL),(464,2,0,6),(464,3,0,30),(464,4,0,-18),(464,5,0,-18),(465,0,0,-4),(465,1,0,4),(465,2,0,4),(465,3,0,-4),(466,0,0,8),(466,1,0,-8),(466,2,0,-8),(466,3,0,8),(467,0,0,12),(467,1,0,-12),(467,2,0,12),(467,3,0,-12),(468,0,0,16),(468,1,0,-16),(468,2,0,16),(468,3,0,-16),(469,0,0,-20),(469,1,0,20),(469,2,0,20),(469,3,0,-20),(470,0,0,-6),(470,1,0,-6),(470,2,0,-6),(470,3,0,18),(472,0,1,NULL),(472,1,1,NULL),(472,2,0,-12),(472,3,0,12),(472,4,0,12),(472,5,0,-12),(473,0,0,12),(473,1,1,NULL),(473,2,1,NULL),(473,3,0,12),(473,4,0,-12),(473,5,0,-12),(475,0,0,-24),(475,1,1,NULL),(475,2,0,-24),(475,3,1,NULL),(475,4,0,24),(475,5,0,24),(476,0,0,6),(476,1,1,NULL),(476,2,0,-6),(476,3,0,6),(476,4,1,NULL),(476,5,0,-6),(477,0,0,12),(477,1,1,NULL),(477,2,0,12),(477,3,0,12),(477,4,0,-36),(477,5,1,NULL),(478,0,1,NULL),(478,1,1,NULL),(478,2,0,-18),(478,3,0,18),(478,4,0,-18),(478,5,0,18),(479,0,0,-36),(479,1,1,NULL),(479,2,1,NULL),(479,3,0,12),(479,4,0,12),(479,5,0,12),(480,0,0,12),(480,1,0,-36),(480,2,0,12),(480,3,0,12),(480,4,1,NULL),(480,5,1,NULL),(481,0,1,NULL),(481,1,0,32),(481,2,0,-32),(481,3,0,32),(481,4,0,-32),(481,5,1,NULL),(482,0,1,NULL),(482,1,1,NULL),(482,2,0,-32),(482,3,0,32),(482,4,0,32),(482,5,0,-32),(483,0,0,-6),(483,1,1,NULL),(483,2,1,NULL),(483,3,0,18),(483,4,0,-6),(483,5,0,-6),(484,0,0,36),(484,1,0,-36),(484,2,1,NULL),(484,3,1,NULL),(484,4,0,36),(484,5,0,-36),(485,0,0,-12),(485,1,0,12),(485,2,0,-12),(485,3,1,NULL),(485,4,1,NULL),(485,5,0,12),(486,0,0,-16),(486,1,0,-16),(486,2,0,16),(486,3,0,16),(486,4,1,NULL),(486,5,1,NULL),(487,0,1,NULL),(487,1,0,-8),(487,2,0,-8),(487,3,0,8),(487,4,0,8),(487,5,1,NULL),(488,0,0,-12),(488,1,1,NULL),(488,2,0,-12),(488,3,1,NULL),(488,4,0,12),(488,5,0,12),(489,0,0,-12),(489,1,0,12),(489,2,1,NULL),(489,3,1,NULL),(489,4,0,-12),(489,5,0,12),(490,0,0,-32),(490,1,1,NULL),(490,2,0,32),(490,3,0,-32),(490,4,0,32),(491,0,0,18),(491,1,0,-18),(491,2,1,NULL),(491,3,0,18),(491,4,0,-18),(492,0,0,-6),(492,1,0,18),(492,2,0,-6),(492,3,1,NULL),(492,4,0,-6),(493,0,0,-8),(493,1,0,8),(493,2,0,8),(493,3,0,-8),(493,4,1,NULL),(494,0,1,NULL),(494,1,0,20),(494,2,0,20),(494,3,0,-20),(494,4,0,-20),(495,0,0,-48),(495,1,1,NULL),(495,2,0,48),(495,3,0,-48),(495,4,0,48),(496,0,0,18),(496,1,0,-6),(496,2,1,NULL),(496,3,0,-6),(496,4,0,-6),(497,0,0,30),(497,1,0,-30),(497,2,0,-30),(497,3,1,NULL),(497,4,0,30),(498,0,0,-6),(498,1,0,-6),(498,2,0,-6),(498,3,0,18),(498,4,1,NULL),(499,0,1,NULL),(499,1,0,-36),(499,2,0,36),(499,3,0,-36),(499,4,0,36),(500,0,0,-3),(500,1,1,NULL),(500,2,0,3),(500,3,0,3),(500,4,0,-3),(503,0,0,-108),(503,1,0,36),(503,2,0,36),(503,3,0,36),(504,0,0,12),(504,1,0,12),(504,2,0,-12),(504,3,0,-12),(505,0,1,NULL),(505,1,0,-8),(505,2,0,8),(505,3,0,8),(505,4,0,-8),(506,0,0,-12),(506,1,1,NULL),(506,2,0,36),(506,3,0,-12),(506,4,0,-12),(507,0,0,-6),(507,1,0,-6),(507,2,1,NULL),(507,3,0,6),(507,4,0,6),(508,0,0,-24),(508,1,0,-24),(508,2,0,24),(508,3,1,NULL),(508,4,0,24),(509,0,0,9),(509,1,0,-9),(509,2,0,-9),(509,3,0,9),(509,4,1,NULL),(510,0,1,NULL),(510,1,0,8),(510,2,0,-8),(510,3,0,8),(510,4,0,-8),(511,0,0,-8),(511,1,1,NULL),(511,2,0,8),(511,3,0,8),(511,4,0,-8),(512,0,0,-12),(512,1,0,-12),(512,2,1,NULL),(512,3,0,12),(512,4,0,12),(513,0,0,-9),(513,1,0,9),(513,2,0,-9),(513,3,1,NULL),(513,4,0,9),(514,0,0,-12),(514,1,0,36),(514,2,1,NULL),(514,3,0,-12),(514,4,0,-12),(515,0,0,-24),(515,1,0,-24),(515,2,1,NULL),(515,3,0,24),(515,4,0,24),(516,0,0,-6),(516,1,0,-6),(516,2,0,6),(516,3,0,6),(517,0,0,-24),(517,1,0,24),(517,2,0,-24),(517,3,0,24),(518,0,0,-12),(518,1,0,12),(518,2,0,-12),(518,3,0,12),(519,0,0,12),(519,1,0,12),(519,2,0,12),(519,3,0,-36),(520,0,0,-6),(520,1,0,18),(520,2,0,-6),(520,3,0,-6),(521,0,0,-6),(521,1,0,18),(521,2,0,-6),(521,3,0,-6),(522,0,0,12),(522,1,0,-12),(522,2,0,-12),(522,3,0,12),(523,0,0,-18),(523,1,0,18),(523,2,0,-18),(523,3,0,18),(524,0,0,4),(524,1,0,-4),(524,2,0,-4),(524,3,0,4),(525,0,0,-24),(525,1,0,-24),(525,2,0,24),(525,3,0,24),(526,0,0,-32),(526,1,0,32),(526,2,0,-32),(526,3,0,32),(527,0,0,-8),(527,1,0,-8),(527,2,0,-8),(527,3,0,24),(528,0,0,-16),(528,1,0,16),(528,2,0,16),(528,3,0,-16),(529,0,0,-12),(529,1,0,12),(529,2,0,12),(529,3,0,-12),(530,0,0,18),(530,1,0,-18),(530,2,0,18),(530,3,0,-18),(530,4,1,NULL),(531,0,1,NULL),(531,1,0,-18),(531,2,0,18),(531,3,0,-18),(531,4,0,18),(532,0,0,-6),(532,1,1,NULL),(532,2,0,-6),(532,3,0,6),(532,4,0,6),(533,0,0,12),(533,1,0,-12),(533,2,1,NULL),(533,3,0,-12),(533,4,0,12),(534,0,0,-12),(534,1,0,-12),(534,2,0,12),(534,3,1,NULL),(534,4,0,12),(536,0,0,-12),(536,1,0,-12),(536,2,1,NULL),(536,3,0,12),(536,4,0,12),(537,0,0,-18),(537,1,0,18),(537,2,0,18),(537,3,1,NULL),(537,4,0,-18),(538,0,0,36),(538,1,0,36),(538,2,0,-36),(538,3,0,-36),(538,4,1,NULL),(539,0,1,NULL),(539,1,0,8),(539,2,0,8),(539,3,0,-8),(539,4,0,-8),(540,0,0,-12),(540,1,1,NULL),(540,2,0,-12),(540,3,0,12),(540,4,0,12),(541,0,0,24),(541,1,0,24),(541,2,1,NULL),(541,3,0,24),(541,4,0,-72),(542,0,0,32),(542,1,0,32),(542,2,0,32),(542,3,1,NULL),(542,4,0,-96),(543,0,0,-6),(543,1,0,18),(543,2,0,-6),(543,3,0,-6),(543,4,1,NULL),(544,0,0,6),(544,1,0,-6),(544,2,0,6),(544,3,0,-6),(544,4,1,NULL),(545,0,0,18),(545,1,0,-18),(545,2,0,18),(545,3,0,-18),(545,4,1,NULL),(546,0,0,6),(546,1,0,-6),(546,2,0,6),(546,3,0,-6),(547,0,0,8),(547,1,0,8),(547,2,0,-8),(547,3,0,-8),(548,0,0,24),(548,1,0,-8),(548,2,0,-8),(548,3,0,-8),(549,0,0,24),(549,1,0,24),(549,2,0,-24),(549,3,0,-24),(550,0,0,-6),(550,1,0,18),(550,2,0,-6),(550,3,0,-6),(551,0,0,-16),(551,1,0,16),(551,2,0,-16),(551,3,0,16),(551,4,1,NULL),(552,0,1,NULL),(552,1,0,30),(552,2,0,-42),(552,3,0,6),(552,4,0,6),(553,0,0,-32),(553,1,1,NULL),(553,2,0,32),(553,3,0,32),(553,4,0,-32),(554,0,0,8),(554,1,0,-8),(554,2,1,NULL),(554,3,0,-8),(554,4,0,8),(555,0,0,-6),(555,1,0,6),(555,2,0,-6),(555,3,1,NULL),(555,4,0,6),(556,0,0,24),(556,1,0,-24),(556,2,0,-24),(556,3,0,24),(556,4,1,NULL),(557,0,1,NULL),(557,1,0,-18),(557,2,0,-18),(557,3,0,18),(557,4,0,18),(558,0,0,48),(558,1,1,NULL),(558,2,0,48),(558,3,0,-48),(558,4,0,-48),(559,0,0,-6),(559,1,0,-6),(559,2,1,NULL),(559,3,0,18),(559,4,0,-6),(560,0,0,-6),(560,1,0,-6),(560,2,0,-6),(560,3,1,NULL),(560,4,0,18),(561,0,0,4),(561,1,0,4),(561,2,1,NULL),(561,3,0,-4),(561,4,0,-4),(563,0,0,-24),(563,1,0,24),(563,2,1,NULL),(563,3,0,24),(563,4,0,-24),(564,0,0,48),(564,1,0,-144),(564,2,1,NULL),(564,3,0,48),(564,4,0,48),(565,0,0,-6),(565,1,0,6),(565,2,0,6),(565,3,0,-6),(566,0,0,-24),(566,1,0,-24),(566,2,0,24),(566,3,0,24),(567,0,0,-24),(567,1,0,8),(567,2,0,8),(567,3,0,8),(568,0,0,-36),(568,1,0,-36),(568,2,0,36),(568,3,0,36),(569,0,0,6),(569,1,0,6),(569,2,0,-6),(569,3,0,-6),(570,0,0,-6),(570,1,0,18),(570,2,0,-6),(570,3,0,-6),(572,0,0,-16),(572,1,0,-16),(572,2,0,16),(572,3,0,16),(573,0,0,-24),(573,1,0,24),(573,2,0,-24),(573,3,0,24),(574,0,0,18),(574,1,0,-18),(574,2,0,18),(574,3,0,-18),(575,0,0,40),(575,1,0,-40),(575,2,0,-40),(575,3,0,40),(576,0,0,6),(576,1,0,6),(576,2,0,-6),(576,3,0,-6),(577,0,0,-8),(577,1,0,-8),(577,2,0,8),(577,3,0,8),(578,0,0,30),(578,1,0,-30),(578,2,0,-30),(578,3,0,30),(579,0,0,3),(579,1,0,3),(579,2,0,-3),(579,3,0,-3),(580,0,0,-12),(580,1,0,-12),(580,2,0,12),(580,3,0,12),(581,0,0,48),(581,1,0,-144),(581,2,0,48),(581,3,0,48),(582,0,0,32),(582,1,0,32),(582,2,0,-96),(582,3,0,32),(583,0,0,18),(583,1,0,-18),(583,2,0,18),(583,3,0,-18),(583,4,1,NULL),(584,0,1,NULL),(584,1,0,-24),(584,2,0,24),(584,3,0,-24),(584,4,0,24),(585,0,0,-24),(585,1,1,NULL),(585,2,0,-24),(585,3,0,72),(585,4,0,-24),(586,0,0,-18),(586,1,0,-18),(586,2,1,NULL),(586,3,0,18),(586,4,0,18),(587,0,0,40),(587,1,0,-40),(587,2,0,-40),(587,3,1,NULL),(587,4,0,40),(588,0,0,12),(588,1,0,-12),(588,2,0,-12),(588,3,0,12),(588,4,1,NULL),(589,0,1,NULL),(589,1,0,12),(589,2,0,-12),(589,3,0,12),(589,4,0,-12),(590,0,0,24),(590,1,1,NULL),(590,2,0,-72),(590,3,0,24),(590,4,0,24),(591,0,0,-6),(591,1,0,6),(591,2,1,NULL),(591,3,0,6),(591,4,0,-6),(592,0,0,6),(592,1,0,-6),(592,2,0,-6),(592,3,0,6),(592,4,1,NULL),(593,0,1,NULL),(593,1,0,24),(593,2,0,-24),(593,3,0,-24),(593,4,0,24),(594,0,0,6),(594,1,1,NULL),(594,2,0,6),(594,3,0,-6),(594,4,0,-6),(595,0,0,6),(595,1,0,6),(595,2,1,NULL),(595,3,0,-6),(595,4,0,-6),(596,0,0,-6),(596,1,0,6),(596,2,0,-6),(596,3,1,NULL),(596,4,0,6),(597,0,0,-24),(597,1,0,-24),(597,2,0,24),(597,3,0,24),(597,4,1,NULL),(598,0,1,NULL),(598,1,0,12),(598,2,0,-12),(598,3,0,12),(598,4,0,-12),(599,0,0,12),(599,1,1,NULL),(599,2,0,12),(599,3,0,-12),(599,4,0,-12),(600,0,0,12),(600,1,0,-12),(600,2,1,NULL),(600,3,0,12),(600,4,0,-12),(601,0,0,12),(601,1,0,-12),(601,2,0,12),(601,3,1,NULL),(601,4,0,-12),(602,0,0,-12),(602,1,0,36),(602,2,0,-12),(602,3,0,-12),(602,4,1,NULL),(603,0,0,-6),(603,1,0,18),(603,2,0,-6),(603,3,0,-6),(603,4,1,NULL),(604,0,1,NULL),(604,1,0,18),(604,2,0,-18),(604,3,0,18),(604,4,0,-18),(605,0,0,24),(605,1,1,NULL),(605,2,0,-24),(605,3,0,24),(605,4,0,-24),(606,0,0,-16),(606,1,0,-16),(606,2,1,NULL),(606,3,0,16),(606,4,0,16),(607,0,0,-18),(607,1,0,18),(607,2,0,18),(607,3,1,NULL),(607,4,0,-18),(608,0,0,24),(608,1,0,24),(608,2,0,-24),(608,3,0,-24),(608,4,1,NULL),(609,0,1,NULL),(609,1,0,16),(609,2,0,-16),(609,3,0,16),(609,4,0,-16),(610,0,0,18),(610,1,1,NULL),(610,2,0,18),(610,3,0,-18),(610,4,0,-18),(611,0,0,18),(611,1,0,18),(611,2,1,NULL),(611,3,0,-18),(611,4,0,-18),(612,0,0,-8),(612,1,0,8),(612,2,0,-8),(612,3,1,NULL),(612,4,0,8),(613,0,1,NULL),(613,1,0,6),(613,2,0,-6),(613,3,0,-6),(613,4,0,6),(614,0,0,-8),(614,1,1,NULL),(614,2,0,8),(614,3,0,8),(614,4,0,-8),(615,0,0,16),(615,1,0,16),(615,2,1,NULL),(615,3,0,-16),(615,4,0,-16),(616,0,0,-12),(616,1,0,12),(616,2,0,12),(616,3,1,NULL),(616,4,0,-12),(617,0,0,-16),(617,1,0,-16),(617,2,0,16),(617,3,0,16),(617,4,1,NULL),(618,0,1,NULL),(618,1,0,-6),(618,2,0,-6),(618,3,0,-6),(618,4,0,18),(619,0,0,30),(619,1,1,NULL),(619,2,0,-30),(619,3,0,-30),(619,4,0,30),(620,0,0,-12),(620,1,0,12),(620,2,1,NULL),(620,3,0,-12),(620,4,0,12),(621,0,0,24),(621,1,0,24),(621,2,0,-24),(621,3,1,NULL),(621,4,0,-24),(622,0,0,8),(622,1,0,-8),(622,2,0,8),(622,3,0,-8),(622,4,1,NULL),(623,0,1,NULL),(623,1,0,12),(623,2,0,-12),(623,3,0,-12),(623,4,0,12),(624,0,0,-32),(624,1,1,NULL),(624,2,0,32),(624,3,0,32),(624,4,0,-32),(625,0,0,-6),(625,1,0,18),(625,2,1,NULL),(625,3,0,-6),(625,4,0,-6),(626,0,0,24),(626,1,0,24),(626,2,0,-24),(626,3,1,NULL),(626,4,0,-24),(627,0,0,6),(627,1,0,-6),(627,2,0,-6),(627,3,0,6),(627,4,1,NULL),(628,0,1,NULL),(628,1,0,24),(628,2,0,24),(628,3,0,24),(628,4,0,-72),(629,0,1,NULL),(629,1,0,12),(629,2,0,-36),(629,3,0,12),(629,4,0,12),(630,0,0,-12),(630,1,1,NULL),(630,2,0,12),(630,3,0,12),(630,4,0,-12),(631,0,0,-16),(631,1,0,16),(631,2,1,NULL),(631,3,0,16),(631,4,0,-16),(632,0,0,-32),(632,1,0,-32),(632,2,0,32),(632,3,1,NULL),(632,4,0,32),(633,0,0,-24),(633,1,0,-24),(633,2,0,24),(633,3,0,24),(633,4,1,NULL),(634,0,1,NULL),(634,1,0,-24),(634,2,0,24),(634,3,0,24),(634,4,0,-24),(635,0,0,-6),(635,1,1,NULL),(635,2,0,18),(635,3,0,-6),(635,4,0,-6),(636,0,0,32),(636,1,0,-32),(636,2,1,NULL),(636,3,0,32),(636,4,0,-32),(637,0,0,36),(637,1,0,36),(637,2,0,-36),(637,3,1,NULL),(637,4,0,-36),(638,0,0,16),(638,1,0,16),(638,2,0,-16),(638,3,0,-16),(638,4,1,NULL),(639,0,1,NULL),(639,1,0,-4),(639,2,0,4),(639,3,0,4),(639,4,0,-4),(640,0,0,8),(640,1,1,NULL),(640,2,0,-8),(640,3,0,-8),(640,4,0,8),(642,0,0,-12),(642,1,1,NULL),(642,2,0,12),(642,3,0,12),(642,4,0,-12),(644,0,0,-40),(644,1,1,NULL),(644,2,0,40),(644,3,0,40),(644,4,0,-40),(645,0,0,24),(645,1,1,NULL),(645,2,0,24),(645,3,0,-24),(645,4,0,-24),(646,0,1,NULL),(646,1,0,6),(646,2,0,-6),(646,3,0,6),(646,4,0,-6),(647,0,0,12),(647,1,1,NULL),(647,2,0,-12),(647,3,0,-12),(647,4,0,12),(648,0,0,24),(648,1,0,-24),(648,2,1,NULL),(648,3,0,-24),(648,4,0,24),(649,0,0,24),(649,1,0,-24),(649,2,0,24),(649,3,1,NULL),(649,4,0,-24),(650,0,0,12),(650,1,0,-12),(650,2,0,-12),(650,3,0,12),(650,4,1,NULL),(651,0,1,NULL),(651,1,0,-24),(651,2,0,-24),(651,3,0,24),(651,4,0,24),(652,0,0,36),(652,1,0,-108),(652,2,1,NULL),(652,3,0,36),(652,4,0,36),(653,0,0,-40),(653,1,0,40),(653,2,1,NULL),(653,3,0,40),(653,4,0,-40),(654,0,0,-48),(654,1,0,16),(654,2,1,NULL),(654,3,0,16),(654,4,0,16),(655,0,0,-12),(655,1,0,12),(655,2,1,NULL),(655,3,0,-12),(655,4,0,12),(656,0,0,6),(656,1,0,6),(656,2,1,NULL),(656,3,0,-6),(656,4,0,-6),(657,0,0,12),(657,1,0,-36),(657,2,1,NULL),(657,3,0,12),(657,4,0,12),(658,0,1,NULL),(658,1,0,-24),(658,2,0,-24),(658,3,0,24),(658,4,0,24),(659,0,0,-24),(659,1,1,NULL),(659,2,0,24),(659,3,0,-24),(659,4,0,24),(660,0,0,-48),(660,1,0,48),(660,2,1,NULL),(660,3,0,-48),(660,4,0,48),(661,0,0,-24),(661,1,0,24),(661,2,0,24),(661,3,1,NULL),(661,4,0,-24),(662,0,0,6),(662,1,0,-6),(662,2,0,6),(662,3,0,-6),(662,4,1,NULL),(663,0,1,NULL),(663,1,0,6),(663,2,0,6),(663,3,0,-6),(663,4,0,-6),(664,0,0,-12),(664,1,1,NULL),(664,2,0,12),(664,3,0,12),(664,4,0,-12),(665,0,0,18),(665,1,0,-18),(665,2,1,NULL),(665,3,0,18),(665,4,0,-18),(666,0,0,24),(666,1,0,-24),(666,2,0,24),(666,3,0,-24),(667,0,0,-6),(667,1,0,-6),(667,2,0,6),(667,3,0,6),(668,0,0,18),(668,1,0,-18),(668,2,0,18),(668,3,0,-18),(669,0,0,12),(669,1,0,-12),(669,2,0,12),(669,3,0,-12),(670,0,0,12),(670,1,0,-12),(670,2,0,-12),(670,3,0,12),(671,0,0,-16),(671,1,0,16),(671,2,0,-16),(671,3,0,16),(672,0,0,30),(672,1,0,-30),(672,2,0,-30),(672,3,0,30),(673,0,0,12),(673,1,0,-12),(673,2,0,12),(673,3,0,-12),(675,0,0,-6),(675,1,0,-6),(675,2,0,-6),(675,3,0,18),(676,0,0,8),(676,1,0,-8),(676,2,0,-8),(676,3,0,8),(677,0,0,8),(677,1,0,8),(677,2,0,-8),(677,3,0,-8),(678,0,0,32),(678,1,0,-32),(678,2,0,-32),(678,3,0,32),(679,0,0,16),(679,1,0,-16),(679,2,0,16),(679,3,0,-16),(680,0,0,8),(680,1,0,-8),(680,2,0,-8),(680,3,0,8),(681,0,0,6),(681,1,0,6),(681,2,0,-42),(681,3,0,30),(682,0,0,8),(682,1,0,-8),(682,2,0,-8),(682,3,0,8),(683,0,0,-64),(683,1,0,-64),(683,2,0,64),(683,3,0,64),(684,0,0,4),(684,1,0,4),(684,2,0,-4),(684,3,0,-4),(685,0,0,18),(685,1,0,18),(685,2,0,-18),(685,3,0,-18),(685,4,1,NULL),(686,0,1,NULL),(686,1,0,12),(686,2,0,12),(686,3,0,-12),(686,4,0,-12),(687,0,0,-6),(687,1,1,NULL),(687,2,0,-6),(687,3,0,18),(687,4,0,-6),(688,0,0,16),(688,1,0,-16),(688,2,1,NULL),(688,3,0,16),(688,4,0,-16),(689,0,0,12),(689,1,0,-12),(689,2,0,12),(689,3,1,NULL),(689,4,0,-12),(690,0,0,-12),(690,1,0,12),(690,2,0,-12),(690,3,0,12),(690,4,1,NULL),(691,0,1,NULL),(691,1,0,-6),(691,2,0,6),(691,3,0,-6),(691,4,0,6),(692,0,0,-6),(692,1,1,NULL),(692,2,0,-6),(692,3,0,6),(692,4,0,6),(693,0,0,-12),(693,1,0,12),(693,2,1,NULL),(693,3,0,-12),(693,4,0,12),(694,0,0,-6),(694,1,0,-6),(694,2,0,18),(694,3,1,NULL),(694,4,0,-6),(695,0,0,36),(695,1,0,36),(695,2,0,36),(695,3,0,-108),(695,4,1,NULL),(696,0,1,NULL),(696,1,0,16),(696,2,0,-16),(696,3,0,16),(696,4,0,-16),(697,0,0,4),(697,1,1,NULL),(697,2,0,4),(697,3,0,-4),(697,4,0,-4),(698,0,0,8),(698,1,0,8),(698,2,1,NULL),(698,3,0,-8),(698,4,0,-8),(699,0,0,8),(699,1,0,-8),(699,2,0,-8),(699,3,1,NULL),(699,4,0,8),(700,0,0,8),(700,1,0,-8),(700,2,0,-8),(700,3,0,8),(700,4,1,NULL),(701,0,1,NULL),(701,1,0,-18),(701,2,0,18),(701,3,0,-18),(701,4,0,18),(702,0,0,-24),(702,1,1,NULL),(702,2,0,24),(702,3,0,-24),(702,4,0,24),(703,0,0,-16),(703,1,0,16),(703,2,1,NULL),(703,3,0,-16),(703,4,0,16),(704,0,0,24),(704,1,0,-24),(704,2,0,-24),(704,3,1,NULL),(704,4,0,24),(705,0,0,-12),(705,1,0,12),(705,2,0,-12),(705,3,0,12),(705,4,1,NULL),(706,0,1,NULL),(706,1,0,-30),(706,2,0,-30),(706,3,0,30),(706,4,0,30),(707,0,0,6),(707,1,0,-6),(707,2,0,-6),(707,3,0,6),(707,4,1,NULL),(708,0,1,NULL),(708,1,0,96),(708,2,0,96),(708,3,0,-288),(708,4,0,96),(709,0,0,-24),(709,1,1,NULL),(709,2,0,-24),(709,3,0,24),(709,4,0,24),(710,0,0,12),(710,1,0,-12),(710,2,1,NULL),(710,3,0,-12),(710,4,0,12),(711,0,0,-6),(711,1,0,-6),(711,2,0,-6),(711,3,1,NULL),(711,4,0,18),(712,0,0,-24),(712,1,0,24),(712,2,0,-24),(712,3,0,24),(712,4,1,NULL),(713,0,1,NULL),(713,1,0,-12),(713,2,0,12),(713,3,0,12),(713,4,0,-12),(714,0,0,4),(714,1,1,NULL),(714,2,0,4),(714,3,0,-4),(714,4,0,-4),(715,0,0,6),(715,1,0,-6),(715,2,1,NULL),(715,3,0,-6),(715,4,0,6),(716,0,0,36),(716,1,0,-12),(716,2,0,-12),(716,3,1,NULL),(716,4,0,-12),(717,0,0,-48),(717,1,0,48),(717,2,0,-48),(717,3,0,48),(717,4,1,NULL),(718,0,1,NULL),(718,1,0,-18),(718,2,0,-18),(718,3,0,18),(718,4,0,18),(719,0,0,12),(719,1,1,NULL),(719,2,0,12),(719,3,0,-12),(719,4,0,-12),(721,0,0,36),(721,1,0,-12),(721,2,0,-12),(721,3,0,-12),(721,4,1,NULL),(722,0,1,NULL),(722,1,0,48),(722,2,0,-16),(722,3,0,-16),(722,4,0,-16),(723,0,0,-4),(723,1,1,NULL),(723,2,0,4),(723,3,0,4),(723,4,0,-4),(724,0,0,-6),(724,1,0,6),(724,2,0,6),(724,3,0,-6),(724,4,1,NULL),(725,0,1,NULL),(725,1,0,64),(725,2,0,64),(725,3,0,-64),(725,4,0,-64),(726,0,0,8),(726,1,1,NULL),(726,2,0,-8),(726,3,0,-8),(726,4,0,8),(727,0,0,-8),(727,1,0,-8),(727,2,1,NULL),(727,3,0,8),(727,4,0,8),(728,0,0,-40),(728,1,0,-40),(728,2,0,40),(728,3,1,NULL),(728,4,0,40),(729,0,0,8),(729,1,0,8),(729,2,0,-8),(729,3,0,-8),(729,4,1,NULL),(730,0,1,NULL),(730,1,0,-6),(730,2,0,6),(730,3,0,6),(730,4,0,-6),(731,0,0,40),(731,1,1,NULL),(731,2,0,-40),(731,3,0,-40),(731,4,0,40),(732,0,0,4),(732,1,0,-4),(732,2,1,NULL),(732,3,0,-4),(732,4,0,4),(733,0,0,-4),(733,1,0,4),(733,2,0,4),(733,3,1,NULL),(733,4,0,-4),(734,0,0,40),(734,1,0,-40),(734,2,0,40),(734,3,0,-40),(734,4,1,NULL),(735,0,1,NULL),(735,1,0,-12),(735,2,0,12),(735,3,0,-12),(735,4,0,12),(736,0,0,16),(736,1,1,NULL),(736,2,0,-16),(736,3,0,16),(736,4,0,-16),(737,0,0,24),(737,1,0,24),(737,2,1,NULL),(737,3,0,24),(737,4,0,-72),(738,0,0,-32),(738,1,0,32),(738,2,0,-32),(738,3,1,NULL),(738,4,0,32),(742,0,0,5),(742,1,0,-5),(742,2,0,-5),(742,3,0,5),(743,0,0,24),(743,1,0,24),(743,2,0,24),(743,3,0,-72),(744,0,0,168),(744,1,0,-504),(744,2,0,168),(744,3,0,168),(745,0,0,6),(745,1,0,6),(745,2,0,-42),(745,3,0,30),(746,0,0,-24),(746,1,0,24),(746,2,0,24),(746,3,0,-24),(747,0,0,24),(747,1,0,24),(747,2,0,-72),(747,3,0,24),(748,0,0,-64),(748,1,0,64),(748,2,0,64),(748,3,0,-64),(749,0,1,NULL),(749,1,0,-18),(749,2,0,18),(749,3,0,18),(749,4,0,-18),(750,0,0,-18),(750,1,1,NULL),(750,2,0,18),(750,3,0,18),(750,4,0,-18),(751,0,0,-32),(751,1,0,32),(751,2,1,NULL),(751,3,0,32),(751,4,0,-32),(752,0,0,8),(752,1,0,-8),(752,2,0,-8),(752,3,1,NULL),(752,4,0,8),(753,0,0,-24),(753,1,0,24),(753,2,0,24),(753,3,0,-24),(753,4,1,NULL),(754,0,1,NULL),(754,1,0,-8),(754,2,0,-8),(754,3,0,24),(754,4,0,-8),(755,0,0,8),(755,1,1,NULL),(755,2,0,-8),(755,3,0,8),(755,4,0,-8),(756,0,0,-24),(756,1,0,24),(756,2,1,NULL),(756,3,0,-24),(756,4,0,24),(757,0,0,-18),(757,1,0,18),(757,2,0,-18),(757,3,1,NULL),(757,4,0,18),(758,0,0,-16),(758,1,0,16),(758,2,0,16),(758,3,0,-16),(758,4,1,NULL),(759,0,1,NULL),(759,1,0,-16),(759,2,0,-16),(759,3,0,16),(759,4,0,16),(760,0,0,-8),(760,1,1,NULL),(760,2,0,8),(760,3,0,8),(760,4,0,-8),(761,0,0,-36),(761,1,0,36),(761,2,1,NULL),(761,3,0,36),(761,4,0,-36),(762,0,0,-12),(762,1,0,12),(762,2,0,-12),(762,3,1,NULL),(762,4,0,12),(763,0,0,12),(763,1,0,12),(763,2,0,-12),(763,3,0,-12),(763,4,1,NULL),(764,0,1,NULL),(764,1,0,32),(764,2,0,32),(764,3,0,-32),(764,4,0,-32),(766,0,0,24),(766,1,0,24),(766,2,0,-24),(766,3,0,-24),(772,0,0,-6),(772,1,0,-6),(772,2,0,18),(772,3,0,-6),(773,0,0,12),(773,1,0,12),(773,2,0,12),(773,3,0,-36),(774,0,0,18),(774,1,0,-6),(774,2,0,-6),(774,3,0,-6),(775,0,0,-6),(775,1,0,-6),(775,2,0,-6),(775,3,0,18),(776,0,0,40),(776,1,0,-40),(776,2,0,40),(776,3,0,-40),(777,0,0,-8),(777,1,0,-8),(777,2,0,8),(777,3,0,8),(778,0,0,8),(778,1,0,-8),(778,2,0,8),(778,3,0,-8),(779,0,0,18),(779,1,0,-6),(779,2,0,-6),(779,3,0,-6),(781,0,0,8),(781,1,0,-8),(781,2,0,-8),(781,3,0,8),(782,0,0,-16),(782,1,0,-16),(782,2,0,16),(782,3,0,16),(783,0,0,-30),(783,1,0,-30),(783,2,0,30),(783,3,0,30),(784,0,0,4),(784,1,0,4),(784,2,0,-4),(784,3,0,-4),(785,0,0,18),(785,1,0,-6),(785,2,0,-6),(785,3,0,-6),(786,0,0,-12),(786,1,0,-12),(786,2,0,12),(786,3,0,12),(787,0,0,-24),(787,1,0,-24),(787,2,0,24),(787,3,0,24),(787,4,1,NULL),(788,0,0,-16),(788,1,0,-16),(788,2,0,16),(788,3,0,16),(789,0,0,8),(789,1,0,8),(789,2,0,-8),(789,3,0,-8),(790,0,0,24),(790,1,0,24),(790,2,0,-72),(790,3,0,24),(791,0,0,12),(791,1,0,12),(791,2,0,-12),(791,3,0,-12),(792,0,0,36),(792,1,0,-12),(792,2,0,-12),(792,3,0,-12),(793,0,0,-12),(793,1,0,-12),(793,2,0,12),(793,3,0,12),(794,0,0,12),(794,1,0,12),(794,2,0,-12),(794,3,0,-12),(795,0,0,-12),(795,1,0,-12),(795,2,0,12),(795,3,0,12),(796,0,0,48),(796,1,0,48),(796,2,0,-48),(796,3,0,-48),(797,0,0,-6),(797,1,0,6),(797,2,0,6),(797,3,0,-6),(798,0,0,-12),(798,1,0,-12),(798,2,0,36),(798,3,0,-12),(800,0,0,18),(800,1,0,18),(800,2,0,-18),(800,3,0,-18),(801,0,0,48),(801,1,0,-48),(801,2,0,-48),(801,3,0,48),(802,0,0,6),(802,1,0,-6),(802,2,0,-6),(802,3,0,6),(803,0,0,12),(803,1,0,-12),(803,2,0,-12),(803,3,0,12),(804,0,0,32),(804,1,0,-32),(804,2,0,32),(804,3,0,-32),(805,0,0,-12),(805,1,0,12),(805,2,0,12),(805,3,0,-12),(806,0,0,-8),(806,1,0,8),(806,2,0,-8),(806,3,0,8),(807,0,0,-24),(807,1,0,24),(807,2,0,24),(807,3,0,-24),(808,0,0,-20),(808,1,0,20),(808,2,0,-20),(808,3,0,20),(809,0,0,24),(809,1,0,-24),(809,2,0,-24),(809,3,0,24),(810,0,0,-32),(810,1,0,32),(810,2,0,-32),(810,3,0,32),(811,0,0,-36),(811,1,0,-36),(811,2,0,36),(811,3,0,36),(813,0,0,16),(813,1,0,16),(813,2,0,-16),(813,3,0,-16),(814,0,0,-72),(814,1,0,24),(814,2,0,24),(814,3,0,24),(815,0,0,16),(815,1,0,-16),(815,2,0,16),(815,3,0,-16);
/*!40000 ALTER TABLE `game_round_players` ENABLE KEYS */;
UNLOCK TABLES;

--
-- Table structure for table `game_rounds`
--

DROP TABLE IF EXISTS `game_rounds`;
/*!40101 SET @saved_cs_client     = @@character_set_client */;
/*!40101 SET character_set_client = utf8 */;
CREATE TABLE `game_rounds` (
  `id` int(10) unsigned NOT NULL AUTO_INCREMENT,
  `game_id` int(10) unsigned NOT NULL,
  `round` int(10) unsigned NOT NULL,
  `dealer_position` tinyint(3) unsigned NOT NULL,
  `bid_type` enum('normal','solo') COLLATE utf8_danish_ci NOT NULL,
  `started_at` datetime NOT NULL,
  `ended_at` datetime DEFAULT NULL,
  `updated_at` datetime NOT NULL,
  PRIMARY KEY (`id`),
  UNIQUE KEY `game_id_round` (`game_id`,`round`)
) ENGINE=InnoDB AUTO_INCREMENT=816 DEFAULT CHARSET=utf8 COLLATE=utf8_danish_ci;
/*!40101 SET character_set_client = @saved_cs_client */;

--
-- Dumping data for table `game_rounds`
--

LOCK TABLES `game_rounds` WRITE;
/*!40000 ALTER TABLE `game_rounds` DISABLE KEYS */;
INSERT INTO `game_rounds` VALUES (1,1,1,0,'normal','2012-11-30 22:39:31','2012-11-30 22:39:57','2012-11-30 22:39:57'),(2,1,2,1,'solo','2012-11-30 22:41:56','2012-11-30 22:42:06','2012-11-30 22:42:06'),(3,1,3,2,'normal','2012-11-30 22:44:46','2012-11-30 22:46:19','2012-11-30 22:46:19'),(4,1,4,3,'normal','2012-11-30 22:48:01','2012-11-30 22:48:11','2012-11-30 22:48:11'),(5,1,5,0,'normal','2012-11-30 22:48:49','2012-11-30 22:48:57','2012-11-30 22:48:57'),(6,1,6,1,'normal','2012-11-30 22:49:22','2012-11-30 22:49:29','2012-11-30 22:49:29'),(7,1,7,2,'normal','2012-11-30 23:00:48','2012-11-30 23:01:04','2012-11-30 23:01:04'),(8,1,8,3,'normal','2012-11-30 23:01:18','2012-11-30 23:01:27','2012-11-30 23:01:27'),(9,1,9,0,'normal','2012-11-30 23:02:01','2012-11-30 23:02:24','2012-11-30 23:02:24'),(10,1,10,1,'normal','2012-11-30 23:02:37','2012-11-30 23:02:48','2012-11-30 23:02:48'),(11,1,11,2,'solo','2012-11-30 23:03:37','2012-11-30 23:03:45','2012-11-30 23:03:45'),(12,3,1,0,'normal','2012-11-30 23:17:09','2012-11-30 23:17:18','2012-11-30 23:17:18'),(13,4,1,0,'normal','2012-12-02 12:05:17','2012-12-02 12:06:34','2012-12-02 12:06:34'),(14,4,2,1,'normal','2012-12-02 12:08:18','2012-12-02 12:08:30','2012-12-02 12:08:30'),(15,4,3,2,'normal','2012-12-02 12:09:54','2012-12-02 12:10:05','2012-12-02 12:10:05'),(16,5,1,0,'normal','2012-12-03 21:21:18','2012-12-03 21:25:53','2012-12-03 21:25:53'),(17,5,2,1,'solo','2012-12-03 21:29:57','2012-12-03 21:33:27','2012-12-03 21:33:27'),(18,5,3,2,'solo','2012-12-03 21:34:35','2012-12-03 21:34:42','2012-12-03 21:34:42'),(19,5,4,3,'normal','2012-12-03 21:37:15','2012-12-03 21:41:27','2012-12-03 21:41:27'),(20,5,5,0,'normal','2012-12-03 21:44:09','2012-12-03 21:47:57','2012-12-03 21:47:57'),(21,5,6,1,'normal','2012-12-03 21:50:58','2012-12-03 21:54:08','2012-12-03 21:54:08'),(22,5,7,2,'normal','2012-12-03 21:57:35','2012-12-03 22:03:21','2012-12-03 22:03:21'),(23,5,8,3,'solo','2012-12-03 22:06:23','2012-12-03 22:11:23','2012-12-03 22:11:23'),(24,5,9,0,'normal','2012-12-03 22:14:53','2012-12-03 22:18:18','2012-12-03 22:18:18'),(25,5,10,1,'normal','2012-12-03 22:22:32','2012-12-03 22:27:25','2012-12-03 22:27:25'),(26,5,11,2,'normal','2012-12-03 22:30:54','2012-12-03 22:34:29','2012-12-03 22:34:29'),(27,5,12,3,'normal','2012-12-03 22:40:10','2012-12-03 22:43:24','2012-12-03 22:43:24'),(28,5,13,0,'normal','2012-12-03 22:45:32','2012-12-03 22:48:56','2012-12-03 22:48:56'),(38,4,4,3,'normal','2012-12-15 23:03:11','2012-12-15 23:03:15','2012-12-15 23:03:15'),(39,4,5,0,'normal','2012-12-15 23:08:04','2012-12-15 23:08:09','2012-12-15 23:08:09'),(40,4,6,1,'solo','2012-12-15 23:10:20','2012-12-15 23:14:09','2012-12-15 23:14:09'),(41,4,7,2,'solo','2012-12-15 23:15:36','2012-12-15 23:16:02','2012-12-15 23:16:02'),(42,4,8,3,'normal','2012-12-15 23:16:27',NULL,'2012-12-15 23:16:27'),(43,6,1,0,'normal','2013-01-17 21:35:20','2013-01-17 21:35:40','2013-01-17 21:35:40'),(44,6,2,1,'normal','2013-01-17 21:38:48','2013-01-17 21:43:05','2013-01-17 21:43:05'),(45,6,3,2,'normal','2013-01-17 21:46:29','2013-01-17 21:50:12','2013-01-17 21:50:12'),(46,6,4,3,'normal','2013-01-17 21:53:45','2013-01-17 21:56:58','2013-01-17 21:56:58'),(47,6,5,0,'solo','2013-01-17 22:05:00','2013-01-17 22:05:11','2013-01-17 22:05:11'),(48,6,6,1,'normal','2013-01-17 22:07:31','2013-01-17 22:12:51','2013-01-17 22:12:51'),(49,6,7,2,'normal','2013-01-17 22:24:49','2013-01-17 22:28:33','2013-01-17 22:28:33'),(50,6,8,3,'normal','2013-01-17 22:34:56','2013-01-17 22:35:10','2013-01-17 22:35:10'),(51,6,9,0,'normal','2013-01-17 22:41:37','2013-01-17 22:45:19','2013-01-17 22:45:19'),(52,6,10,1,'normal','2013-01-17 22:51:05','2013-01-17 22:55:15','2013-01-17 22:55:15'),(53,6,11,2,'normal','2013-01-17 22:58:33','2013-01-17 23:01:46','2013-01-17 23:01:46'),(54,6,12,3,'normal','2013-01-17 23:04:53','2013-01-17 23:08:24','2013-01-17 23:08:24'),(55,6,13,0,'normal','2013-01-17 23:18:18','2013-01-17 23:18:29','2013-01-17 23:18:29'),(56,7,1,0,'normal','2013-02-07 21:32:16','2013-02-07 21:32:30','2013-02-07 21:32:30'),(57,7,2,1,'solo','2013-02-07 21:33:53','2013-02-07 21:37:15','2013-02-07 21:37:15'),(58,7,3,2,'solo','2013-02-07 21:42:23','2013-02-07 21:45:43','2013-02-07 21:45:43'),(59,7,4,3,'normal','2013-02-07 21:50:04','2013-02-07 21:53:17','2013-02-07 21:53:17'),(60,7,5,0,'normal','2013-02-07 21:56:39','2013-02-07 22:01:20','2013-02-07 22:01:20'),(61,7,6,1,'normal','2013-02-07 22:04:20','2013-02-07 22:07:46','2013-02-07 22:07:46'),(62,7,7,2,'normal','2013-02-07 22:13:37','2013-02-07 22:20:26','2013-02-07 22:20:26'),(63,7,8,3,'normal','2013-02-07 22:24:01','2013-02-07 22:28:43','2013-02-07 22:28:43'),(64,7,9,0,'normal','2013-02-07 22:36:20','2013-02-07 22:42:53','2013-02-07 22:42:53'),(65,7,10,1,'normal','2013-02-07 22:45:58','2013-02-07 22:50:19','2013-02-07 22:50:19'),(66,7,11,2,'normal','2013-02-07 22:54:22','2013-02-07 22:57:01','2013-02-07 22:57:01'),(67,8,1,0,'normal','2013-02-18 20:30:53','2013-02-18 20:33:55','2013-02-18 20:33:55'),(68,8,2,1,'normal','2013-02-18 20:36:57','2013-02-18 20:39:49','2013-02-18 20:39:49'),(69,8,3,2,'normal','2013-02-18 20:42:10','2013-02-18 20:46:14','2013-02-18 20:46:14'),(70,8,4,3,'normal','2013-02-18 20:51:32','2013-02-18 20:53:00','2013-02-18 20:53:00'),(71,8,5,0,'solo','2013-02-18 20:57:11','2013-02-18 21:00:35','2013-02-18 21:00:35'),(72,8,6,1,'normal','2013-02-18 21:09:33','2013-02-18 21:09:42','2013-02-18 21:09:42'),(73,8,7,2,'normal','2013-02-18 21:13:54','2013-02-18 21:17:07','2013-02-18 21:17:07'),(74,8,8,3,'normal','2013-02-18 21:20:02','2013-02-18 21:25:01','2013-02-18 21:25:01'),(75,8,9,0,'solo','2013-02-18 21:29:15','2013-02-18 21:32:28','2013-02-18 21:32:28'),(76,8,10,1,'normal','2013-02-18 21:35:29','2013-02-18 21:38:08','2013-02-18 21:38:08'),(77,8,11,2,'normal','2013-02-18 21:40:50','2013-02-18 21:44:22','2013-02-18 21:44:22'),(78,8,12,3,'solo','2013-02-18 21:47:39','2013-02-18 21:51:44','2013-02-18 21:51:44'),(79,8,13,0,'normal','2013-02-18 22:01:02','2013-02-18 22:01:14','2013-02-18 22:01:14'),(80,8,14,1,'normal','2013-02-18 22:07:28','2013-02-18 22:10:32','2013-02-18 22:10:32'),(82,1,12,3,'solo','2013-03-03 22:40:37','2013-03-03 22:40:58','2013-03-03 22:40:58'),(83,9,1,0,'normal','2013-03-04 20:27:59','2013-03-04 20:32:21','2013-03-04 20:32:21'),(84,9,2,1,'normal','2013-03-04 20:35:40','2013-03-04 20:39:36','2013-03-04 20:39:36'),(85,9,3,2,'solo','2013-03-04 20:43:09','2013-03-04 20:45:30','2013-03-04 20:45:30'),(86,9,4,3,'normal','2013-03-04 20:49:49','2013-03-04 20:52:29','2013-03-04 20:52:29'),(87,9,5,0,'normal','2013-03-04 20:56:38','2013-03-04 20:59:21','2013-03-04 20:59:21'),(88,9,6,1,'solo','2013-03-04 21:04:35','2013-03-04 21:07:35','2013-03-04 21:07:35'),(89,9,7,2,'normal','2013-03-04 21:10:47','2013-03-04 21:14:15','2013-03-04 21:14:15'),(90,9,8,3,'normal','2013-03-04 21:18:30','2013-03-04 21:20:41','2013-03-04 21:20:41'),(91,9,9,0,'normal','2013-03-04 21:24:52','2013-03-04 21:28:27','2013-03-04 21:28:27'),(92,9,10,1,'normal','2013-03-04 21:33:12','2013-03-04 21:38:21','2013-03-04 21:38:21'),(93,9,11,2,'solo','2013-03-04 21:45:40','2013-03-04 21:48:27','2013-03-04 21:48:27'),(94,9,12,3,'normal','2013-03-04 21:57:14','2013-03-04 22:00:59','2013-03-04 22:00:59'),(95,9,13,0,'normal','2013-03-04 22:06:43','2013-03-04 23:12:18','2013-03-04 23:12:18'),(96,1,13,0,'solo','2013-03-05 21:22:04','2013-03-05 21:25:08','2013-03-05 21:25:08'),(97,1,14,1,'normal','2013-03-05 21:43:23','2013-03-05 21:55:56','2013-03-05 21:55:56'),(98,1,15,2,'normal','2013-03-05 21:56:54','2013-03-05 21:57:08','2013-03-05 21:57:08'),(99,1,16,3,'solo','2013-03-05 21:58:36','2013-03-05 21:59:32','2013-03-05 21:59:32'),(100,1,17,0,'solo','2013-03-05 22:03:30','2013-03-05 22:05:45','2013-03-05 22:05:45'),(101,1,18,1,'solo','2013-03-05 22:05:57','2013-03-05 22:06:14','2013-03-05 22:06:14'),(102,1,19,2,'solo','2013-03-05 22:07:20','2013-03-05 22:07:50','2013-03-05 22:07:50'),(105,1,20,3,'solo','2013-03-06 22:05:44','2013-03-06 22:06:18','2013-03-06 22:06:18'),(106,1,21,0,'normal','2013-03-09 19:01:52','2013-05-10 17:53:06','2013-05-10 17:53:06'),(107,11,1,0,'normal','2013-04-02 21:12:01','2013-04-02 21:16:02','2013-04-02 21:16:02'),(108,11,2,1,'normal','2013-04-02 21:21:19','2013-04-02 21:26:14','2013-04-02 21:26:14'),(109,11,3,2,'solo','2013-04-02 21:30:04','2013-04-02 21:32:16','2013-04-02 21:32:16'),(110,11,4,3,'normal','2013-04-02 21:37:56','2013-04-02 21:43:07','2013-04-02 21:43:07'),(111,11,5,0,'normal','2013-04-02 21:49:04','2013-04-02 21:52:38','2013-04-02 21:52:38'),(112,11,6,1,'normal','2013-04-02 21:56:22','2013-04-02 21:59:32','2013-04-02 21:59:32'),(113,11,7,2,'normal','2013-04-02 22:03:47','2013-04-02 22:07:47','2013-04-02 22:07:47'),(114,11,8,3,'normal','2013-04-02 22:10:39','2013-04-02 22:15:15','2013-04-02 22:15:15'),(115,11,9,0,'normal','2013-04-02 22:21:17','2013-04-02 22:24:51','2013-04-02 22:24:51'),(116,11,10,1,'normal','2013-04-02 22:35:27','2013-04-02 22:35:41','2013-04-02 22:35:41'),(117,11,11,2,'normal','2013-04-02 22:45:51','2013-04-02 22:46:05','2013-04-02 22:46:05'),(118,11,12,3,'normal','2013-04-02 22:54:01','2013-04-02 22:54:24','2013-04-02 22:54:24'),(119,11,13,0,'normal','2013-04-02 22:59:22','2013-04-02 23:02:31','2013-04-02 23:02:31'),(120,12,1,0,'normal','2013-04-18 20:53:41','2013-04-18 20:57:55','2013-04-18 20:57:55'),(121,12,2,1,'normal','2013-04-18 21:01:08','2013-04-18 21:04:55','2013-04-18 21:04:55'),(122,12,3,2,'normal','2013-04-18 21:08:34','2013-04-18 21:17:31','2013-04-18 21:17:31'),(123,12,4,3,'normal','2013-04-18 21:21:40','2013-04-18 21:26:20','2013-04-18 21:26:20'),(124,12,5,0,'normal','2013-04-18 21:30:37','2013-04-18 21:34:28','2013-04-18 21:34:28'),(125,12,6,1,'normal','2013-04-18 21:37:40','2013-04-18 21:41:09','2013-04-18 21:41:09'),(126,12,7,2,'normal','2013-04-18 21:45:42','2013-04-18 21:49:25','2013-04-18 21:49:25'),(127,12,8,3,'normal','2013-04-18 21:55:06','2013-04-18 21:58:16','2013-04-18 21:58:16'),(128,12,9,0,'normal','2013-04-18 22:01:46','2013-04-18 22:05:01','2013-04-18 22:05:01'),(129,12,10,1,'solo','2013-04-18 22:09:12','2013-04-18 22:13:43','2013-04-18 22:13:43'),(130,13,1,0,'normal','2013-04-29 21:19:20','2013-04-29 21:22:53','2013-04-29 21:22:53'),(131,14,1,0,'normal','2013-04-29 21:28:19','2013-04-29 21:28:29','2013-04-29 21:28:29'),(132,14,2,1,'normal','2013-04-29 21:28:41','2013-04-29 21:31:28','2013-04-29 21:31:28'),(133,14,3,2,'normal','2013-04-29 21:35:25','2013-04-29 21:38:14','2013-04-29 21:38:14'),(134,14,4,3,'normal','2013-04-29 21:40:59','2013-04-29 21:45:44','2013-04-29 21:45:44'),(135,14,5,0,'normal','2013-04-29 21:51:32','2013-04-29 21:53:43','2013-04-29 21:53:43'),(136,14,6,1,'solo','2013-04-29 21:59:36','2013-04-29 22:02:44','2013-04-29 22:02:44'),(137,14,7,2,'solo','2013-04-29 22:07:33','2013-04-29 22:12:22','2013-04-29 22:12:22'),(138,14,8,3,'normal','2013-04-29 22:17:02','2013-04-29 22:19:46','2013-04-29 22:19:46'),(139,14,9,0,'solo','2013-04-29 22:26:36','2013-04-29 22:26:47','2013-04-29 22:26:47'),(140,14,10,1,'solo','2013-04-29 22:33:37','2013-04-29 22:36:56','2013-04-29 22:36:56'),(141,14,11,2,'normal','2013-04-29 22:44:38','2013-04-29 22:45:14','2013-04-29 22:45:14'),(142,14,12,3,'solo','2013-04-29 22:47:35','2013-04-29 22:50:22','2013-04-29 22:50:22'),(143,16,1,0,'normal','2013-05-23 21:03:29','2013-05-23 21:08:31','2013-05-23 21:08:31'),(144,16,2,1,'normal','2013-05-23 21:12:24','2013-05-23 21:15:12','2013-05-23 21:15:12'),(146,16,3,2,'normal','2013-05-23 21:28:50','2013-05-23 21:31:57','2013-05-23 21:31:57'),(147,16,4,3,'normal','2013-05-23 21:35:19','2013-05-23 21:38:59','2013-05-23 21:38:59'),(148,16,5,0,'normal','2013-05-23 21:44:13','2013-05-23 21:48:01','2013-05-23 21:48:01'),(149,16,6,1,'normal','2013-05-23 21:51:04','2013-05-23 21:56:11','2013-05-23 21:56:11'),(150,16,7,2,'normal','2013-05-23 22:00:13','2013-05-23 22:04:30','2013-05-23 22:04:30'),(151,16,8,3,'normal','2013-05-23 22:05:39','2013-05-23 22:05:58','2013-05-23 22:05:58'),(153,16,9,0,'normal','2013-05-23 22:08:24','2013-05-23 22:08:43','2013-05-23 22:08:43'),(154,16,10,1,'normal','2013-05-23 22:13:57','2013-05-23 22:17:40','2013-05-23 22:17:40'),(155,16,11,2,'normal','2013-05-23 22:21:30','2013-05-23 22:25:03','2013-05-23 22:25:03'),(156,16,12,3,'normal','2013-05-23 22:28:20','2013-05-23 22:32:06','2013-05-23 22:32:06'),(158,16,13,0,'solo','2013-05-23 22:47:04','2013-05-23 22:51:14','2013-05-23 22:51:14'),(159,16,14,1,'normal','2013-05-23 22:54:27','2013-05-23 22:55:57','2013-05-23 22:55:57'),(160,16,15,2,'normal','2013-05-23 23:00:48','2013-05-23 23:04:25','2013-05-23 23:04:25'),(161,17,1,0,'normal','2013-06-26 20:45:24','2013-06-26 20:49:34','2013-06-26 20:49:34'),(162,17,2,1,'normal','2013-06-26 20:54:14','2013-06-26 20:57:59','2013-06-26 20:57:59'),(163,17,3,2,'normal','2013-06-26 21:06:02','2013-06-26 21:06:26','2013-06-26 21:06:26'),(164,17,4,3,'normal','2013-06-26 21:09:21','2013-06-26 21:12:13','2013-06-26 21:12:13'),(165,17,5,0,'normal','2013-06-26 21:19:53','2013-06-26 21:20:37','2013-06-26 21:20:37'),(166,17,6,1,'solo','2013-06-26 21:23:47','2013-06-26 21:27:43','2013-06-26 21:27:43'),(167,17,7,2,'normal','2013-06-26 21:32:22','2013-06-26 21:37:23','2013-06-26 21:37:23'),(168,17,8,3,'normal','2013-06-26 21:40:07','2013-06-26 21:43:20','2013-06-26 21:43:20'),(169,17,9,0,'normal','2013-06-26 21:47:28','2013-06-26 21:51:14','2013-06-26 21:51:14'),(170,17,10,1,'normal','2013-06-26 21:53:59','2013-06-26 21:58:15','2013-06-26 21:58:15'),(171,17,11,2,'normal','2013-06-26 22:06:16','2013-06-26 22:06:36','2013-06-26 22:06:36'),(172,17,12,3,'normal','2013-06-26 22:09:44','2013-06-26 22:14:47','2013-06-26 22:14:47'),(173,17,13,0,'normal','2013-06-26 22:26:20','2013-06-26 22:26:36','2013-06-26 22:26:36'),(174,17,14,1,'normal','2013-06-26 22:39:03','2013-06-26 22:39:26','2013-06-26 22:39:26'),(175,18,1,0,'normal','2013-07-11 21:46:30','2013-07-11 21:47:25','2013-07-11 21:47:25'),(176,18,2,1,'normal','2013-07-11 21:49:33','2013-07-11 21:53:14','2013-07-11 21:53:14'),(177,18,3,2,'normal','2013-07-11 21:57:03','2013-07-11 21:59:49','2013-07-11 21:59:49'),(178,18,4,3,'solo','2013-07-11 22:04:45','2013-07-11 22:04:53','2013-07-11 22:04:53'),(179,18,5,0,'normal','2013-07-11 22:06:48','2013-07-11 22:09:00','2013-07-11 22:09:00'),(180,19,1,0,'normal','2013-09-03 22:11:50','2013-09-03 22:15:16','2013-09-03 22:15:16'),(181,19,2,1,'normal','2013-09-03 22:18:33','2013-09-03 22:22:36','2013-09-03 22:22:36'),(182,19,3,2,'normal','2013-09-03 22:28:43','2013-09-03 22:31:43','2013-09-03 22:31:43'),(183,19,4,3,'solo','2013-09-03 22:35:30','2013-09-03 22:37:52','2013-09-03 22:37:52'),(184,19,5,0,'normal','2013-09-03 22:41:59','2013-09-03 22:44:56','2013-09-03 22:44:56'),(185,1,22,1,'solo','2013-10-12 23:34:23','2013-10-12 23:34:37','2013-10-12 23:34:37'),(186,20,1,0,'normal','2013-12-30 23:49:37','2014-01-05 20:09:20','2014-01-05 20:09:20'),(187,20,2,1,'normal','2014-01-05 20:15:54','2014-01-05 20:16:56','2014-01-05 20:16:56'),(188,20,3,2,'normal','2014-02-02 19:20:46','2014-02-02 19:31:02','2014-02-02 19:31:02'),(199,20,4,3,'normal','2014-02-02 22:21:47','2014-02-02 22:21:55','2014-02-02 22:21:55'),(200,20,5,4,'normal','2014-02-02 22:24:04','2014-02-02 22:24:11','2014-02-02 22:24:11'),(201,20,6,0,'normal','2014-02-03 21:42:24','2014-02-03 21:42:29','2014-02-03 21:42:29'),(206,20,7,1,'normal','2014-02-05 21:23:54','2014-02-05 22:00:07','2014-02-05 22:00:07'),(208,20,8,2,'normal','2014-02-06 21:50:22','2014-02-06 21:50:32','2014-02-06 21:50:32'),(209,20,9,3,'normal','2014-02-06 21:53:19','2014-02-06 21:53:39','2014-02-06 21:53:39'),(210,20,10,4,'normal','2014-02-06 21:55:35','2014-02-06 21:56:21','2014-02-06 21:56:21'),(211,20,11,0,'solo','2014-02-06 21:57:39','2014-02-06 21:57:53','2014-02-06 21:57:53'),(212,20,12,1,'solo','2014-02-06 22:03:58','2014-02-06 22:04:18','2014-02-06 22:04:18'),(213,20,13,2,'solo','2014-02-06 22:05:50','2014-02-06 22:06:02','2014-02-06 22:06:02'),(215,20,14,3,'normal','2014-02-09 20:58:27','2014-02-09 21:15:53','2014-02-09 21:15:53'),(216,20,15,4,'normal','2014-02-09 21:19:13','2014-02-09 21:23:59','2014-02-09 21:23:59'),(217,20,16,0,'normal','2014-02-09 21:25:00','2014-02-09 21:25:07','2014-02-09 21:25:07'),(218,20,17,1,'normal','2014-02-09 21:34:26','2014-02-09 21:34:36','2014-02-09 21:34:36'),(219,20,18,2,'solo','2014-02-09 21:34:53','2014-02-09 21:35:03','2014-02-09 21:35:03'),(220,20,19,3,'normal','2014-02-09 21:43:17','2014-02-09 21:43:29','2014-02-09 21:43:29'),(221,20,20,4,'normal','2014-02-09 21:44:12','2014-02-09 21:44:22','2014-02-09 21:44:22'),(223,21,1,0,'normal','2014-02-09 22:17:46','2014-02-09 22:17:56','2014-02-09 22:17:56'),(224,21,2,1,'solo','2014-02-09 22:18:15','2014-02-09 22:18:23','2014-02-09 22:18:23'),(225,22,1,0,'normal','2014-02-09 22:20:22','2014-02-09 22:20:36','2014-02-09 22:20:36'),(226,22,2,1,'solo','2014-02-09 22:21:21','2014-02-09 22:21:30','2014-02-09 22:21:30'),(227,22,3,2,'normal','2014-02-09 22:30:48','2014-02-09 22:31:00','2014-02-09 22:31:00'),(228,22,4,3,'normal','2014-02-09 22:33:45','2014-02-09 22:33:59','2014-02-09 22:33:59'),(229,22,5,4,'normal','2014-02-09 22:36:51','2014-02-09 22:36:58','2014-02-09 22:36:58'),(230,23,1,0,'normal','2014-02-09 22:38:03','2014-02-09 22:38:09','2014-02-09 22:38:09'),(231,23,2,1,'normal','2014-02-09 22:38:29','2014-02-09 22:38:40','2014-02-09 22:38:40'),(232,23,3,2,'normal','2014-02-09 22:39:22','2014-02-09 22:39:30','2014-02-09 22:39:30'),(233,23,4,3,'solo','2014-02-09 22:40:33','2014-02-09 22:40:37','2014-02-09 22:40:37'),(234,23,5,4,'normal','2014-02-09 22:42:11','2014-02-09 22:42:23','2014-02-09 22:42:23'),(235,23,6,5,'solo','2014-02-09 22:44:43','2014-02-09 22:44:55','2014-02-09 22:44:55'),(236,23,7,0,'solo','2014-02-09 22:46:08','2014-02-09 22:46:17','2014-02-09 22:46:17'),(237,22,6,5,'normal','2014-02-09 22:53:26','2014-02-09 22:55:19','2014-02-09 22:55:19'),(238,23,8,1,'solo','2014-02-09 22:55:39','2014-02-09 22:55:45','2014-02-09 22:55:45'),(240,23,9,2,'normal','2014-02-10 22:11:44','2014-02-10 22:13:05','2014-02-10 22:13:05'),(241,23,10,3,'normal','2014-02-10 22:15:54','2014-02-10 22:16:41','2014-02-10 22:16:41'),(242,23,11,4,'solo','2014-02-10 22:18:10','2014-02-10 22:18:22','2014-02-10 22:18:22'),(243,23,12,5,'normal','2014-02-10 22:19:34','2014-02-10 22:19:49','2014-02-10 22:19:49'),(244,23,13,0,'normal','2014-02-10 22:26:57','2014-02-10 22:27:24','2014-02-10 22:27:24'),(246,23,14,1,'normal','2014-02-10 22:32:14','2014-02-10 22:32:19','2014-02-10 22:32:19'),(247,23,15,2,'normal','2014-02-10 22:32:41','2014-02-10 22:45:17','2014-02-10 22:45:17'),(249,23,16,3,'normal','2014-02-10 22:46:26','2014-02-10 22:46:34','2014-02-10 22:46:34'),(251,24,1,0,'solo','2014-02-10 22:52:11','2014-02-10 22:52:26','2014-02-10 22:52:26'),(252,24,2,1,'normal','2014-02-10 22:52:53','2014-02-10 22:53:04','2014-02-10 22:53:04'),(254,24,3,2,'normal','2014-02-10 22:53:50','2014-02-10 22:53:56','2014-02-10 22:53:56'),(255,24,4,3,'normal','2014-02-10 22:54:22','2014-02-10 22:54:33','2014-02-10 22:54:33'),(258,25,1,0,'solo','2014-02-10 22:56:56','2014-02-10 22:57:00','2014-02-10 22:57:00'),(260,25,2,1,'normal','2014-02-10 22:57:21','2014-02-10 22:57:36','2014-02-10 22:57:36'),(262,23,17,4,'normal','2014-02-10 23:33:35','2014-02-10 23:33:50','2014-02-10 23:33:50'),(264,24,5,4,'solo','2014-02-10 23:35:28','2014-02-10 23:35:44','2014-02-10 23:35:44'),(265,26,1,0,'normal','2014-02-11 20:50:19','2014-02-11 20:52:51','2014-02-11 20:52:51'),(266,26,2,1,'normal','2014-02-11 20:56:11','2014-02-11 20:59:30','2014-02-11 20:59:30'),(267,26,3,2,'normal','2014-02-11 21:02:29','2014-02-11 21:05:08','2014-02-11 21:05:08'),(268,26,4,3,'normal','2014-02-11 21:08:22','2014-02-11 21:12:09','2014-02-11 21:12:09'),(269,26,5,0,'normal','2014-02-11 21:15:38','2014-02-11 21:19:32','2014-02-11 21:19:32'),(270,26,6,1,'normal','2014-02-11 21:22:39','2014-02-11 21:26:36','2014-02-11 21:26:36'),(271,26,7,2,'normal','2014-02-11 21:28:20','2014-02-11 21:31:43','2014-02-11 21:31:43'),(272,26,8,3,'normal','2014-02-11 21:39:05','2014-02-11 21:40:57','2014-02-11 21:40:57'),(273,26,9,0,'solo','2014-02-11 21:44:14','2014-02-11 21:49:43','2014-02-11 21:49:43'),(274,26,10,1,'normal','2014-02-11 21:52:15','2014-02-11 21:56:09','2014-02-11 21:56:09'),(275,26,11,2,'normal','2014-02-11 22:05:42','2014-02-11 22:05:55','2014-02-11 22:05:55'),(276,26,12,3,'normal','2014-02-11 22:09:53','2014-02-11 22:13:25','2014-02-11 22:13:25'),(277,26,13,0,'normal','2014-02-11 22:18:13','2014-02-11 22:20:30','2014-02-11 22:20:30'),(278,26,14,1,'normal','2014-02-11 22:24:15','2014-02-11 22:27:11','2014-02-11 22:27:11'),(279,26,15,2,'normal','2014-02-11 22:33:31','2014-02-11 22:35:40','2014-02-11 22:35:40'),(280,26,16,3,'solo','2014-02-11 22:40:10','2014-02-11 22:42:45','2014-02-11 22:42:45'),(281,26,17,0,'normal','2014-02-11 22:46:00','2014-02-11 22:49:39','2014-02-11 22:49:39'),(282,25,3,2,'normal','2014-02-15 13:07:23','2014-02-15 13:08:25','2014-02-15 13:08:25'),(283,25,4,3,'solo','2014-02-15 13:09:25','2014-02-15 13:09:44','2014-02-15 13:09:44'),(284,25,5,0,'solo','2014-02-15 13:18:24','2014-02-15 13:18:44','2014-02-15 13:18:44'),(287,24,6,0,'normal','2014-02-15 13:45:44','2014-02-15 13:45:54','2014-02-15 13:45:54'),(288,24,7,1,'normal','2014-02-15 13:46:15','2014-02-15 13:46:20','2014-02-15 13:46:20'),(289,24,8,2,'normal','2014-02-15 13:46:44','2014-02-15 13:46:59','2014-02-15 13:46:59'),(290,23,18,5,'normal','2014-02-15 13:52:12','2014-02-15 13:52:23','2014-02-15 13:52:23'),(291,23,19,0,'normal','2014-02-15 13:52:37','2014-02-15 13:52:51','2014-02-15 13:52:51'),(292,23,20,1,'normal','2014-02-15 13:55:44','2014-02-15 13:55:52','2014-02-15 13:55:52'),(293,23,21,2,'normal','2014-02-15 13:57:15','2014-02-15 13:57:21','2014-02-15 13:57:21'),(294,27,1,0,'normal','2014-02-15 14:00:18','2014-02-15 14:00:26','2014-02-15 14:00:26'),(295,27,2,0,'solo','2014-02-15 14:00:38','2014-02-15 14:00:47','2014-02-15 14:00:47'),(296,27,3,0,'normal','2014-02-15 14:02:02','2014-02-15 14:02:14','2014-02-15 14:02:14'),(297,27,4,0,'normal','2014-02-15 14:02:45','2014-02-15 14:02:54','2014-02-15 14:02:54'),(298,27,5,0,'normal','2014-02-15 14:03:24','2014-02-15 14:03:34','2014-02-15 14:03:34'),(299,27,6,0,'normal','2014-02-15 14:04:10','2014-02-15 14:04:21','2014-02-15 14:04:21'),(302,27,7,0,'solo','2014-02-15 14:07:22','2014-02-15 14:07:31','2014-02-15 14:07:31'),(303,27,8,0,'normal','2014-02-15 14:07:40','2014-02-15 14:08:11','2014-02-15 14:08:11'),(304,27,9,0,'normal','2014-02-15 15:54:34','2014-02-15 21:46:17','2014-02-15 21:46:17'),(305,27,10,1,'normal','2014-02-15 22:07:05','2014-02-15 22:07:41','2014-02-15 22:07:41'),(306,27,11,5,'normal','2014-02-15 22:08:00','2014-02-15 22:08:06','2014-02-15 22:08:06'),(307,27,12,2,'normal','2014-02-15 22:10:37','2014-02-15 22:11:08','2014-02-15 22:11:08'),(308,27,13,6,'solo','2014-02-15 22:12:01','2014-02-15 22:12:18','2014-02-15 22:12:18'),(309,27,14,0,'normal','2014-02-15 22:12:49','2014-02-15 22:12:54','2014-02-15 22:12:54'),(310,27,15,4,'normal','2014-02-15 22:22:32','2014-02-15 22:22:48','2014-02-15 22:22:48'),(311,27,16,2,'normal','2014-02-15 22:24:08','2014-02-15 22:24:16','2014-02-15 22:24:16'),(312,27,17,3,'normal','2014-02-16 11:40:09','2014-02-16 11:40:22','2014-02-16 11:40:22'),(313,27,18,6,'normal','2014-02-16 11:40:51','2014-02-16 11:41:05','2014-02-16 11:41:05'),(314,27,19,0,'normal','2014-02-16 12:00:46','2014-02-16 12:00:58','2014-02-16 12:00:58'),(315,27,20,1,'normal','2014-02-16 12:32:30','2014-02-16 12:55:13','2014-02-16 12:55:13'),(316,27,21,2,'solo','2014-02-16 12:56:03','2014-02-16 13:04:37','2014-02-16 13:04:37'),(317,27,22,3,'normal','2014-02-16 13:04:57','2014-02-16 13:05:44','2014-02-16 13:05:44'),(318,27,23,4,'normal','2014-02-16 13:09:06','2014-02-16 13:22:22','2014-02-16 13:22:22'),(319,27,24,5,'normal','2014-02-16 13:23:12','2014-02-16 13:23:25','2014-02-16 13:23:25'),(320,27,25,4,'solo','2014-03-03 21:21:29','2014-03-03 21:21:56','2014-03-03 21:21:56'),(321,27,26,5,'solo','2014-03-03 21:22:48',NULL,'2014-03-03 21:22:48'),(322,28,1,0,'normal','2014-03-04 20:47:39','2014-03-04 20:50:52','2014-03-04 20:50:52'),(323,28,2,1,'normal','2014-03-04 20:54:33','2014-03-04 20:57:43','2014-03-04 20:57:43'),(324,28,3,2,'normal','2014-03-04 21:00:56','2014-03-04 21:03:11','2014-03-04 21:03:11'),(325,28,4,3,'normal','2014-03-04 21:06:12','2014-03-04 21:08:51','2014-03-04 21:08:51'),(326,28,5,4,'normal','2014-03-04 21:11:50','2014-03-04 21:14:16','2014-03-04 21:14:16'),(327,28,6,0,'normal','2014-03-04 21:18:03','2014-03-04 21:21:02','2014-03-04 21:21:02'),(328,28,7,1,'solo','2014-03-04 21:23:56','2014-03-04 21:25:46','2014-03-04 21:25:46'),(329,28,8,2,'solo','2014-03-04 21:32:48','2014-03-04 21:35:53','2014-03-04 21:35:53'),(330,28,9,3,'normal','2014-03-04 21:48:51','2014-03-04 21:49:04','2014-03-04 21:49:04'),(331,28,10,4,'normal','2014-03-04 21:51:51','2014-03-04 21:54:56','2014-03-04 21:54:56'),(332,28,11,0,'normal','2014-03-04 21:57:21','2014-03-04 22:00:01','2014-03-04 22:00:01'),(333,28,12,2,'normal','2014-03-04 22:01:50','2014-03-04 22:04:13','2014-03-04 22:04:13'),(334,28,13,3,'normal','2014-03-04 22:07:54','2014-03-04 22:11:36','2014-03-04 22:11:36'),(335,28,14,4,'solo','2014-03-04 22:17:15','2014-03-04 22:19:51','2014-03-04 22:19:51'),(336,28,15,0,'normal','2014-03-04 22:22:41','2014-03-04 22:25:24','2014-03-04 22:25:24'),(337,28,16,2,'normal','2014-03-04 22:29:58','2014-03-04 22:33:41','2014-03-04 22:33:41'),(338,28,17,3,'solo','2014-03-04 22:38:32','2014-03-04 22:40:49','2014-03-04 22:40:49'),(339,30,1,0,'solo','2014-03-10 20:58:21','2014-03-10 20:58:31','2014-03-10 20:58:31'),(340,31,1,0,'solo','2014-03-10 21:02:32','2014-03-10 21:02:47','2014-03-10 21:02:47'),(341,31,2,1,'normal','2014-03-10 21:03:14','2014-03-10 21:03:23','2014-03-10 21:03:23'),(342,32,1,0,'solo','2014-03-10 21:05:41','2014-03-10 21:05:46','2014-03-10 21:05:46'),(343,32,2,1,'normal','2014-03-10 21:08:33','2014-03-10 21:08:41','2014-03-10 21:08:41'),(344,32,3,2,'normal','2014-03-10 21:09:12','2014-03-10 21:09:29','2014-03-10 21:09:29'),(345,32,4,3,'normal','2014-03-10 21:10:22','2014-03-10 21:10:33','2014-03-10 21:10:33'),(346,32,5,0,'solo','2014-03-10 21:14:01','2014-03-10 21:14:20','2014-03-10 21:14:20'),(348,33,1,0,'normal','2014-03-17 20:47:26','2014-03-17 20:50:28','2014-03-17 20:50:28'),(349,33,2,1,'solo','2014-03-17 20:53:26','2014-03-17 20:57:09','2014-03-17 20:57:09'),(350,33,3,2,'normal','2014-03-17 21:02:47','2014-03-17 21:05:02','2014-03-17 21:05:02'),(351,33,4,3,'normal','2014-03-17 21:08:29','2014-03-17 21:09:48','2014-03-17 21:09:48'),(352,33,5,4,'normal','2014-03-17 21:17:34','2014-03-17 21:17:53','2014-03-17 21:17:53'),(353,33,6,0,'normal','2014-03-17 21:22:27','2014-03-17 21:25:19','2014-03-17 21:25:19'),(354,33,7,1,'normal','2014-03-17 21:27:34','2014-03-17 21:30:01','2014-03-17 21:30:01'),(355,33,8,2,'normal','2014-03-17 21:36:10','2014-03-17 21:41:05','2014-03-17 21:41:05'),(356,33,9,3,'solo','2014-03-17 21:44:02','2014-03-17 21:46:08','2014-03-17 21:46:08'),(357,33,10,4,'normal','2014-03-17 21:53:37','2014-03-17 21:56:35','2014-03-17 21:56:35'),(358,33,11,0,'solo','2014-03-17 21:59:56','2014-03-17 22:02:33','2014-03-17 22:02:33'),(359,33,12,2,'normal','2014-03-17 22:08:12','2014-03-17 22:11:36','2014-03-17 22:11:36'),(360,33,13,3,'normal','2014-03-17 22:14:12','2014-03-17 22:17:42','2014-03-17 22:17:42'),(361,33,14,4,'normal','2014-03-17 22:22:25','2014-03-17 22:25:48','2014-03-17 22:25:48'),(362,33,15,0,'normal','2014-03-17 22:29:27','2014-03-17 22:33:29','2014-03-17 22:33:29'),(363,33,16,2,'normal','2014-03-17 22:38:16','2014-03-17 22:41:41','2014-03-17 22:41:41'),(364,33,17,3,'normal','2014-03-17 22:44:26','2014-03-17 22:47:53','2014-03-17 22:47:53'),(366,34,1,1,'solo','2014-04-07 20:44:09','2014-04-07 20:44:26','2014-04-07 20:44:26'),(367,34,2,2,'normal','2014-04-07 20:50:17','2014-04-07 20:53:59','2014-04-07 20:53:59'),(368,34,3,3,'normal','2014-04-07 20:59:11','2014-04-07 21:03:02','2014-04-07 21:03:02'),(369,34,4,4,'solo','2014-04-07 21:06:06','2014-04-07 21:07:44','2014-04-07 21:07:44'),(370,34,5,0,'normal','2014-04-07 21:12:28','2014-04-07 21:16:44','2014-04-07 21:16:44'),(371,34,6,1,'normal','2014-04-07 21:20:19','2014-04-07 21:22:40','2014-04-07 21:22:40'),(372,34,7,2,'normal','2014-04-07 21:25:38','2014-04-07 21:28:23','2014-04-07 21:28:23'),(373,34,8,3,'normal','2014-04-07 21:35:14','2014-04-07 21:35:22','2014-04-07 21:35:22'),(374,34,9,4,'normal','2014-04-07 21:38:35','2014-04-07 21:40:41','2014-04-07 21:40:41'),(375,34,10,0,'normal','2014-04-07 21:43:10','2014-04-07 21:46:14','2014-04-07 21:46:14'),(376,34,11,1,'normal','2014-04-07 21:50:19','2014-04-07 21:52:48','2014-04-07 21:52:48'),(377,34,12,3,'normal','2014-04-07 21:59:48','2014-04-07 22:02:37','2014-04-07 22:02:37'),(378,34,13,4,'normal','2014-04-07 22:04:33','2014-04-07 22:08:28','2014-04-07 22:08:28'),(380,34,14,0,'normal','2014-04-07 22:15:25','2014-04-07 22:15:34','2014-04-07 22:15:34'),(381,34,15,1,'normal','2014-04-07 22:19:14','2014-04-07 22:22:23','2014-04-07 22:22:23'),(382,34,16,3,'normal','2014-04-07 22:28:48','2014-04-07 22:31:12','2014-04-07 22:31:12'),(383,34,17,4,'normal','2014-04-07 22:33:16','2014-04-07 22:35:41','2014-04-07 22:35:41'),(384,34,18,0,'normal','2014-04-07 22:39:36','2014-04-07 22:43:01','2014-04-07 22:43:01'),(385,34,19,1,'solo','2014-04-07 22:45:50','2014-04-07 22:48:21','2014-04-07 22:48:21'),(386,34,20,3,'normal','2014-04-07 22:50:49','2014-04-07 22:53:16','2014-04-07 22:53:16'),(387,35,1,0,'normal','2014-04-22 21:34:32','2014-04-22 21:38:05','2014-04-22 21:38:05'),(388,35,2,1,'normal','2014-04-22 21:40:54','2014-04-22 21:44:06','2014-04-22 21:44:06'),(389,35,3,2,'solo','2014-04-22 21:46:53','2014-04-22 21:49:54','2014-04-22 21:49:54'),(390,35,4,3,'solo','2014-04-22 21:52:24','2014-04-22 21:54:05','2014-04-22 21:54:05'),(391,35,5,4,'normal','2014-04-22 21:58:05','2014-04-22 22:00:31','2014-04-22 22:00:31'),(392,35,6,0,'normal','2014-04-22 22:03:02','2014-04-22 22:06:23','2014-04-22 22:06:23'),(393,35,7,1,'normal','2014-04-22 22:08:38','2014-04-22 22:13:06','2014-04-22 22:13:06'),(394,35,8,2,'normal','2014-04-22 22:17:00','2014-04-22 22:19:54','2014-04-22 22:19:54'),(395,35,9,3,'normal','2014-04-22 22:27:51','2014-04-22 22:28:19','2014-04-22 22:28:19'),(397,35,10,4,'solo','2014-04-22 22:32:06','2014-04-22 22:36:44','2014-04-22 22:36:44'),(398,35,11,0,'normal','2014-04-22 22:42:22','2014-04-22 22:42:41','2014-04-22 22:42:41'),(399,35,12,1,'solo','2014-04-22 22:46:06','2014-04-22 22:48:53','2014-04-22 22:48:53'),(400,35,13,3,'normal','2014-04-22 22:55:02','2014-04-22 22:55:24','2014-04-22 22:55:24'),(401,35,14,4,'normal','2014-04-22 23:01:35','2014-04-22 23:01:49','2014-04-22 23:01:49'),(402,35,15,0,'normal','2014-04-22 23:04:12','2014-04-22 23:08:28','2014-04-22 23:08:28'),(403,36,1,0,'normal','2014-05-20 21:16:15','2014-05-20 21:21:10','2014-05-20 21:21:10'),(404,36,2,1,'normal','2014-05-20 21:23:03','2014-05-20 21:26:07','2014-05-20 21:26:07'),(405,36,3,2,'normal','2014-05-20 21:31:41','2014-05-20 21:32:02','2014-05-20 21:32:02'),(406,36,4,3,'normal','2014-05-20 21:35:31','2014-05-20 21:39:05','2014-05-20 21:39:05'),(407,36,5,0,'normal','2014-05-20 21:44:46','2014-05-20 21:45:09','2014-05-20 21:45:09'),(408,36,6,1,'solo','2014-05-20 21:49:01','2014-05-20 21:51:20','2014-05-20 21:51:20'),(409,36,7,2,'solo','2014-05-20 21:53:37','2014-05-20 21:56:43','2014-05-20 21:56:43'),(410,36,8,3,'normal','2014-05-20 22:04:23','2014-05-20 22:04:33','2014-05-20 22:04:33'),(411,36,9,0,'normal','2014-05-20 22:07:00','2014-05-20 22:09:29','2014-05-20 22:09:29'),(412,36,10,1,'solo','2014-05-20 22:13:06','2014-05-20 22:14:36','2014-05-20 22:14:36'),(413,36,11,2,'solo','2014-05-20 22:22:39','2014-05-20 22:23:00','2014-05-20 22:23:00'),(414,36,12,3,'solo','2014-05-20 22:26:19','2014-05-20 22:29:31','2014-05-20 22:29:31'),(415,37,1,0,'normal','2014-06-10 21:34:15','2014-06-10 21:38:55','2014-06-10 21:38:55'),(416,37,2,1,'normal','2014-06-10 21:46:52','2014-06-10 21:47:10','2014-06-10 21:47:10'),(417,37,3,2,'normal','2014-06-10 21:56:02','2014-06-10 21:56:21','2014-06-10 21:56:21'),(418,37,4,3,'normal','2014-06-10 22:01:14','2014-06-10 22:01:28','2014-06-10 22:01:28'),(419,37,5,4,'solo','2014-06-10 22:08:34','2014-06-10 22:08:48','2014-06-10 22:08:48'),(420,37,6,0,'normal','2014-06-10 22:12:35','2014-06-10 22:15:45','2014-06-10 22:15:45'),(421,37,7,1,'normal','2014-06-10 22:23:40','2014-06-10 22:24:03','2014-06-10 22:24:03'),(422,38,1,0,'normal','2014-06-23 21:06:32','2014-06-23 21:06:49','2014-06-23 21:06:49'),(423,38,2,1,'normal','2014-06-23 21:12:02','2014-06-23 21:12:20','2014-06-23 21:12:20'),(424,38,3,2,'normal','2014-06-23 21:16:06','2014-06-23 21:19:12','2014-06-23 21:19:12'),(425,38,4,3,'normal','2014-06-23 21:24:47','2014-06-23 21:28:28','2014-06-23 21:28:28'),(426,38,5,4,'normal','2014-06-23 21:33:06','2014-06-23 21:37:07','2014-06-23 21:37:07'),(427,38,6,0,'normal','2014-06-23 21:40:45','2014-06-23 21:44:22','2014-06-23 21:44:22'),(428,38,7,1,'normal','2014-06-23 21:53:36','2014-06-23 21:56:11','2014-06-23 21:56:11'),(429,38,8,2,'normal','2014-06-23 22:00:43','2014-06-23 22:05:39','2014-06-23 22:05:39'),(430,38,9,3,'normal','2014-06-23 22:16:20','2014-06-23 22:21:33','2014-06-23 22:21:33'),(431,38,10,4,'solo','2014-06-23 22:27:05','2014-06-23 22:28:13','2014-06-23 22:28:13'),(432,38,11,0,'normal','2014-06-23 22:30:55','2014-06-23 22:33:47','2014-06-23 22:33:47'),(433,38,12,1,'normal','2014-06-23 22:37:43','2014-06-23 22:40:34','2014-06-23 22:40:34'),(434,38,13,2,'solo','2014-06-23 22:45:16','2014-06-23 22:48:32','2014-06-23 22:48:32'),(436,38,14,3,'normal','2014-06-23 22:56:07','2014-06-23 22:56:29','2014-06-23 22:56:29'),(437,39,1,0,'normal','2014-07-28 21:01:29','2014-07-28 21:04:41','2014-07-28 21:04:41'),(438,39,2,1,'normal','2014-07-28 21:07:19','2014-07-28 21:10:53','2014-07-28 21:10:53'),(439,39,3,2,'normal','2014-07-28 21:13:49','2014-07-28 21:15:25','2014-07-28 21:15:25'),(440,39,4,3,'normal','2014-07-28 21:18:29','2014-07-28 21:20:53','2014-07-28 21:20:53'),(441,39,5,4,'normal','2014-07-28 21:24:55','2014-07-28 21:28:34','2014-07-28 21:28:34'),(442,39,6,0,'normal','2014-07-28 21:31:24','2014-07-28 21:34:25','2014-07-28 21:34:25'),(443,39,7,1,'normal','2014-07-28 21:37:51','2014-07-28 21:39:56','2014-07-28 21:39:56'),(444,39,8,2,'normal','2014-07-28 21:43:15','2014-07-28 21:47:05','2014-07-28 21:47:05'),(445,39,9,3,'normal','2014-07-28 21:49:54','2014-07-28 21:54:21','2014-07-28 21:54:21'),(446,39,10,4,'normal','2014-07-28 21:57:48','2014-07-28 21:59:58','2014-07-28 21:59:58'),(447,39,11,0,'normal','2014-07-28 22:03:53','2014-07-28 22:05:04','2014-07-28 22:05:04'),(448,39,12,1,'normal','2014-07-28 22:11:38','2014-07-28 22:11:56','2014-07-28 22:11:56'),(449,39,13,2,'normal','2014-07-28 22:14:27','2014-07-28 22:20:21','2014-07-28 22:20:21'),(450,39,14,3,'normal','2014-07-28 22:26:01','2014-07-28 22:30:52','2014-07-28 22:30:52'),(451,40,1,3,'normal','2014-08-27 20:46:36','2014-08-27 20:49:27','2014-08-27 20:49:27'),(452,40,2,0,'normal','2014-08-27 20:52:34','2014-08-27 20:55:44','2014-08-27 20:55:44'),(453,40,3,1,'solo','2014-08-27 21:08:30','2014-08-27 21:08:40','2014-08-27 21:08:40'),(454,40,4,2,'normal','2014-08-27 21:09:11','2014-08-27 21:09:26','2014-08-27 21:09:26'),(455,40,5,3,'normal','2014-08-27 21:15:03','2014-08-27 21:18:16','2014-08-27 21:18:16'),(456,40,6,0,'solo','2014-08-27 21:21:15','2014-08-27 21:24:28','2014-08-27 21:24:28'),(457,40,7,1,'normal','2014-08-27 21:27:41','2014-08-27 21:30:44','2014-08-27 21:30:44'),(458,23,22,3,'normal','2014-09-06 17:01:41','2014-09-06 17:01:56','2014-09-06 17:01:56'),(459,23,23,4,'solo','2014-09-06 17:03:11','2014-09-06 17:03:27','2014-09-06 17:03:27'),(461,23,24,5,'normal','2014-09-06 17:04:56','2014-09-06 17:19:48','2014-09-06 17:19:48'),(462,23,25,5,'normal','2014-09-06 17:22:11','2014-09-06 17:22:35','2014-09-06 17:22:35'),(463,23,26,0,'normal','2014-09-06 17:23:12','2014-09-06 17:23:23','2014-09-06 17:23:23'),(464,23,27,1,'solo','2014-09-06 17:31:47','2014-09-06 17:32:04','2014-09-06 17:32:04'),(465,41,1,0,'normal','2014-09-09 21:08:17','2014-09-09 21:10:06','2014-09-09 21:10:06'),(466,41,2,1,'normal','2014-09-09 21:16:43','2014-09-09 21:17:15','2014-09-09 21:17:15'),(467,41,3,2,'normal','2014-09-09 21:19:48','2014-09-09 21:23:22','2014-09-09 21:23:22'),(468,41,4,3,'normal','2014-09-09 21:25:30','2014-09-09 21:28:58','2014-09-09 21:28:58'),(469,41,5,0,'normal','2014-09-09 21:32:58','2014-09-09 21:36:10','2014-09-09 21:36:10'),(470,41,6,1,'solo','2014-09-09 21:42:58','2014-09-09 21:46:19','2014-09-09 21:46:19'),(472,43,1,0,'solo','2014-10-02 21:03:16','2014-10-02 21:03:30','2014-10-02 21:03:30'),(473,43,2,1,'normal','2014-10-02 21:07:44','2014-10-02 21:11:50','2014-10-02 21:11:50'),(475,43,3,2,'normal','2014-10-02 21:19:10','2014-10-02 21:19:29','2014-10-02 21:19:29'),(476,43,4,3,'normal','2014-10-02 21:24:01','2014-10-02 21:27:30','2014-10-02 21:27:30'),(477,43,5,5,'solo','2014-10-02 21:32:00','2014-10-02 21:33:41','2014-10-02 21:33:41'),(478,43,6,0,'normal','2014-10-02 21:41:06','2014-10-02 21:41:27','2014-10-02 21:41:27'),(479,43,7,2,'solo','2014-10-02 21:44:57','2014-10-02 21:47:06','2014-10-02 21:47:06'),(480,44,1,4,'solo','2014-10-14 21:14:34','2014-10-14 21:16:18','2014-10-14 21:16:18'),(481,44,2,5,'normal','2014-10-14 21:24:13','2014-10-14 21:25:56','2014-10-14 21:25:56'),(482,44,3,0,'normal','2014-10-14 21:29:30','2014-10-14 21:35:20','2014-10-14 21:35:20'),(483,44,4,1,'solo','2014-10-14 21:39:00','2014-10-14 21:42:53','2014-10-14 21:42:53'),(484,44,5,2,'normal','2014-10-14 21:46:29','2014-10-14 21:50:47','2014-10-14 21:50:47'),(485,44,6,3,'normal','2014-10-14 21:59:03','2014-10-14 22:03:21','2014-10-14 22:03:21'),(486,44,7,4,'normal','2014-10-14 22:07:51','2014-10-14 22:11:12','2014-10-14 22:11:12'),(487,44,8,5,'normal','2014-10-14 22:14:30','2014-10-14 22:19:04','2014-10-14 22:19:04'),(488,44,9,0,'normal','2014-10-14 22:24:04','2014-10-14 22:27:17','2014-10-14 22:27:17'),(489,44,10,2,'normal','2014-10-14 22:30:59','2014-10-14 22:36:19','2014-10-14 22:36:19'),(490,45,1,1,'normal','2014-11-05 20:52:29','2014-11-05 20:56:00','2014-11-05 20:56:00'),(491,45,2,2,'normal','2014-11-05 21:01:47','2014-11-05 21:02:06','2014-11-05 21:02:06'),(492,45,3,3,'solo','2014-11-05 21:07:19','2014-11-05 21:09:12','2014-11-05 21:09:12'),(493,45,4,4,'normal','2014-11-05 21:10:01','2014-11-05 21:14:10','2014-11-05 21:14:10'),(494,45,5,0,'normal','2014-11-05 21:18:21','2014-11-05 21:20:28','2014-11-05 21:20:28'),(495,45,6,1,'normal','2014-11-05 21:25:27','2014-11-05 21:27:27','2014-11-05 21:27:27'),(496,45,7,2,'solo','2014-11-05 21:34:42','2014-11-05 21:36:11','2014-11-05 21:36:11'),(497,45,8,3,'normal','2014-11-05 21:40:22','2014-11-05 21:43:20','2014-11-05 21:43:20'),(498,45,9,4,'solo','2014-11-05 21:46:10','2014-11-05 21:50:20','2014-11-05 21:50:20'),(499,45,10,0,'normal','2014-11-05 21:54:09','2014-11-05 21:56:43','2014-11-05 21:56:43'),(500,45,11,1,'normal','2014-11-05 22:04:04','2014-11-05 22:04:15','2014-11-05 22:04:15'),(503,1,23,2,'solo','2014-11-18 17:37:01','2014-11-18 17:37:15','2014-11-18 17:37:15'),(504,1,24,3,'normal','2014-11-18 17:39:00','2014-11-18 17:39:24','2014-11-18 17:39:24'),(505,46,1,0,'normal','2014-11-18 20:59:21','2014-11-18 21:03:01','2014-11-18 21:03:01'),(506,46,2,1,'normal','2014-11-18 21:07:01','2014-11-18 21:09:20','2014-11-18 21:09:20'),(507,46,3,2,'normal','2014-11-18 21:12:54','2014-11-18 21:16:04','2014-11-18 21:16:04'),(508,46,4,3,'normal','2014-11-18 21:18:10','2014-11-18 21:21:05','2014-11-18 21:21:05'),(509,46,5,4,'normal','2014-11-18 21:23:50','2014-11-18 21:27:30','2014-11-18 21:27:30'),(510,46,6,0,'normal','2014-11-18 21:29:42','2014-11-18 21:33:25','2014-11-18 21:33:25'),(511,46,7,1,'normal','2014-11-18 21:36:59','2014-11-18 21:39:17','2014-11-18 21:39:17'),(512,46,8,2,'normal','2014-11-18 21:43:04','2014-11-18 21:46:11','2014-11-18 21:46:11'),(513,46,9,3,'normal','2014-11-18 21:48:49','2014-11-18 21:52:28','2014-11-18 21:52:28'),(514,46,10,4,'solo','2014-11-18 21:55:00','2014-11-18 21:57:56','2014-11-18 21:57:56'),(515,46,11,0,'normal','2014-11-18 22:04:32','2014-11-18 22:04:41','2014-11-18 22:04:41'),(516,47,1,1,'normal','2015-01-06 21:02:15','2015-01-06 21:05:20','2015-01-06 21:05:20'),(517,47,2,2,'normal','2015-01-06 21:07:11','2015-01-06 21:09:38','2015-01-06 21:09:38'),(518,47,3,3,'normal','2015-01-06 21:13:49','2015-01-06 21:15:36','2015-01-06 21:15:36'),(519,47,4,0,'solo','2015-01-06 21:18:34','2015-01-06 21:20:53','2015-01-06 21:20:53'),(520,47,5,1,'solo','2015-01-06 21:23:42','2015-01-06 21:26:12','2015-01-06 21:26:12'),(521,47,6,2,'solo','2015-01-06 21:28:45','2015-01-06 21:30:49','2015-01-06 21:30:49'),(522,47,7,3,'normal','2015-01-06 21:33:11','2015-01-06 21:35:44','2015-01-06 21:35:44'),(523,47,8,0,'normal','2015-01-06 21:39:39','2015-01-06 21:43:29','2015-01-06 21:43:29'),(524,47,9,1,'normal','2015-01-06 21:47:33','2015-01-06 21:50:52','2015-01-06 21:50:52'),(525,47,10,2,'normal','2015-01-06 21:53:28','2015-01-06 21:57:17','2015-01-06 21:57:17'),(526,47,11,3,'normal','2015-01-06 22:02:25','2015-01-06 22:04:44','2015-01-06 22:04:44'),(527,47,12,0,'normal','2015-01-06 22:07:02','2015-01-06 22:09:51','2015-01-06 22:09:51'),(528,47,13,1,'normal','2015-01-06 22:17:46','2015-01-06 22:17:58','2015-01-06 22:17:58'),(529,47,14,2,'normal','2015-01-06 22:22:34','2015-01-06 22:26:21','2015-01-06 22:26:21'),(530,48,1,4,'normal','2015-02-26 20:46:57','2015-02-26 20:49:43','2015-02-26 20:49:43'),(531,48,2,0,'normal','2015-02-26 20:53:01','2015-02-26 20:56:37','2015-02-26 20:56:37'),(532,48,3,1,'normal','2015-02-26 20:58:59','2015-02-26 21:02:28','2015-02-26 21:02:28'),(533,48,4,2,'normal','2015-02-26 21:05:13','2015-02-26 21:09:17','2015-02-26 21:09:17'),(534,48,5,3,'normal','2015-02-26 21:11:35','2015-02-26 21:14:54','2015-02-26 21:14:54'),(536,49,1,2,'normal','2015-03-23 20:34:06','2015-03-23 20:34:17','2015-03-23 20:34:17'),(537,49,2,3,'normal','2015-03-23 20:36:35','2015-03-23 20:39:21','2015-03-23 20:39:21'),(538,49,3,4,'normal','2015-03-23 20:46:22','2015-03-23 20:49:52','2015-03-23 20:49:52'),(539,49,4,0,'normal','2015-03-23 20:53:09','2015-03-23 20:56:53','2015-03-23 20:56:53'),(540,49,5,1,'normal','2015-03-23 21:00:48','2015-03-23 21:03:59','2015-03-23 21:03:59'),(541,49,6,2,'normal','2015-03-23 21:06:46','2015-03-23 21:10:14','2015-03-23 21:10:14'),(542,49,7,3,'normal','2015-03-23 21:15:52','2015-03-23 21:17:47','2015-03-23 21:17:47'),(543,49,8,4,'solo','2015-03-23 21:28:19','2015-03-23 21:28:30','2015-03-23 21:28:30'),(544,49,9,0,'normal','2015-03-23 21:32:36','2015-03-23 21:36:36','2015-03-23 21:36:36'),(545,49,10,1,'normal','2015-03-23 21:41:34','2015-03-23 21:45:10','2015-03-23 21:45:10'),(546,50,1,1,'normal','2015-04-13 19:45:25','2015-04-13 19:46:26','2015-04-13 19:46:26'),(547,50,2,2,'normal','2015-04-13 19:52:10','2015-04-13 19:52:20','2015-04-13 19:52:20'),(548,50,3,3,'normal','2015-04-13 19:54:29','2015-04-13 19:57:30','2015-04-13 19:57:30'),(549,50,4,0,'normal','2015-04-13 20:02:38','2015-04-13 20:03:46','2015-04-13 20:03:46'),(550,50,5,1,'solo','2015-04-13 20:19:28','2015-04-13 20:19:33','2015-04-13 20:19:33'),(551,51,1,4,'normal','2015-04-13 20:23:09','2015-04-13 20:26:42','2015-04-13 20:26:42'),(552,51,2,0,'solo','2015-04-13 20:29:36','2015-04-13 20:32:27','2015-04-13 20:32:27'),(553,51,3,1,'normal','2015-04-13 20:36:34','2015-04-13 20:39:59','2015-04-13 20:39:59'),(554,51,4,2,'normal','2015-04-13 20:47:03','2015-04-13 20:47:33','2015-04-13 20:47:33'),(555,51,5,3,'normal','2015-04-13 20:50:02','2015-04-13 20:53:08','2015-04-13 20:53:08'),(556,51,6,4,'normal','2015-04-13 20:59:46','2015-04-13 21:00:02','2015-04-13 21:00:02'),(557,51,7,0,'normal','2015-04-13 21:03:22','2015-04-13 21:06:12','2015-04-13 21:06:12'),(558,51,8,1,'normal','2015-04-13 21:09:12','2015-04-13 21:13:42','2015-04-13 21:13:42'),(559,51,9,2,'solo','2015-04-13 21:19:38','2015-04-13 21:19:43','2015-04-13 21:19:43'),(560,51,10,3,'solo','2015-04-13 21:23:06','2015-04-13 21:26:06','2015-04-13 21:26:06'),(561,51,11,4,'normal','2015-04-13 21:32:53','2015-04-13 21:36:13','2015-04-13 21:36:13'),(563,51,12,0,'normal','2015-04-13 21:43:35','2015-04-13 21:43:43','2015-04-13 21:43:43'),(564,51,13,1,'solo','2015-04-13 21:47:00','2015-04-13 21:52:13','2015-04-13 21:52:13'),(565,52,1,0,'normal','2015-05-11 21:01:56','2015-05-11 21:04:55','2015-05-11 21:04:55'),(566,52,2,1,'normal','2015-05-11 21:06:48','2015-05-11 21:09:56','2015-05-11 21:09:56'),(567,52,3,2,'normal','2015-05-11 21:11:40','2015-05-11 21:14:23','2015-05-11 21:14:23'),(568,52,4,3,'normal','2015-05-11 21:16:43','2015-05-11 21:19:08','2015-05-11 21:19:08'),(569,52,5,0,'normal','2015-05-11 21:20:52','2015-05-11 21:24:21','2015-05-11 21:24:21'),(570,52,6,1,'solo','2015-05-11 21:27:03','2015-05-11 21:28:39','2015-05-11 21:28:39'),(572,52,7,2,'normal','2015-05-11 21:44:41','2015-05-11 21:44:52','2015-05-11 21:44:52'),(573,52,8,3,'normal','2015-05-11 21:45:11','2015-05-11 21:45:43','2015-05-11 21:45:43'),(574,52,9,0,'normal','2015-05-11 21:51:14','2015-05-11 21:51:30','2015-05-11 21:51:30'),(575,52,10,1,'normal','2015-05-11 21:59:05','2015-05-11 21:59:21','2015-05-11 21:59:21'),(576,52,11,2,'normal','2015-05-11 22:00:35','2015-05-11 22:03:36','2015-05-11 22:03:36'),(577,52,12,3,'normal','2015-05-11 22:06:52','2015-05-11 22:08:43','2015-05-11 22:08:43'),(578,52,13,0,'normal','2015-05-11 22:11:24','2015-05-11 22:13:33','2015-05-11 22:13:33'),(579,52,14,2,'normal','2015-05-11 22:15:56','2015-05-11 22:18:30','2015-05-11 22:18:30'),(580,52,15,3,'normal','2015-05-11 22:21:37','2015-05-11 22:24:59','2015-05-11 22:24:59'),(581,1,25,0,'solo','2015-06-28 18:35:09','2015-06-28 18:35:24','2015-06-28 18:35:24'),(582,1,26,1,'normal','2015-06-28 18:36:02','2015-06-28 18:36:14','2015-06-28 18:36:14'),(583,53,1,4,'normal','2015-06-30 21:02:45','2015-06-30 21:02:59','2015-06-30 21:02:59'),(584,53,2,0,'normal','2015-06-30 21:07:25','2015-06-30 21:10:09','2015-06-30 21:10:09'),(585,53,3,1,'normal','2015-06-30 21:12:39','2015-06-30 21:15:31','2015-06-30 21:15:31'),(586,53,4,2,'normal','2015-06-30 21:18:49','2015-06-30 21:22:31','2015-06-30 21:22:31'),(587,53,5,3,'normal','2015-06-30 21:25:23','2015-06-30 21:27:46','2015-06-30 21:27:46'),(588,53,6,4,'normal','2015-06-30 21:30:19','2015-06-30 21:33:00','2015-06-30 21:33:00'),(589,53,7,0,'normal','2015-06-30 21:36:42','2015-06-30 21:42:13','2015-06-30 21:42:13'),(590,53,8,1,'normal','2015-06-30 21:45:22','2015-06-30 21:49:12','2015-06-30 21:49:12'),(591,53,9,2,'normal','2015-06-30 21:52:18','2015-06-30 21:56:33','2015-06-30 21:56:33'),(592,54,1,4,'normal','2015-11-03 20:25:49','2015-11-03 20:27:17','2015-11-03 20:27:17'),(593,54,2,0,'normal','2015-11-03 20:33:00','2015-11-03 20:35:54','2015-11-03 20:35:54'),(594,54,3,1,'normal','2015-11-03 20:39:11','2015-11-03 20:41:44','2015-11-03 20:41:44'),(595,54,4,2,'normal','2015-11-03 20:44:24','2015-11-03 20:48:28','2015-11-03 20:48:28'),(596,54,5,3,'normal','2015-11-03 20:52:12','2015-11-03 20:56:53','2015-11-03 20:56:53'),(597,54,6,4,'normal','2015-11-03 21:03:06','2015-11-03 21:04:20','2015-11-03 21:04:20'),(598,54,7,0,'normal','2015-11-03 21:10:29','2015-11-03 21:11:24','2015-11-03 21:11:24'),(599,54,8,1,'normal','2015-11-03 21:15:52','2015-11-03 21:18:01','2015-11-03 21:18:01'),(600,54,9,2,'normal','2015-11-03 21:23:41','2015-11-03 21:23:53','2015-11-03 21:23:53'),(601,54,10,3,'normal','2015-11-03 21:27:43','2015-11-03 21:30:58','2015-11-03 21:30:58'),(602,54,11,4,'solo','2015-11-03 21:33:41','2015-11-03 21:55:51','2015-11-03 21:55:51'),(603,55,1,4,'solo','2015-11-26 20:54:38','2015-11-26 20:54:55','2015-11-26 20:54:55'),(604,55,2,0,'normal','2015-11-26 20:59:33','2015-11-26 20:59:46','2015-11-26 20:59:46'),(605,55,3,1,'normal','2015-11-26 21:04:19','2015-11-26 21:04:29','2015-11-26 21:04:29'),(606,55,4,2,'normal','2015-11-26 21:06:55','2015-11-26 21:11:23','2015-11-26 21:11:23'),(607,55,5,3,'normal','2015-11-26 21:14:49','2015-11-26 21:17:48','2015-11-26 21:17:48'),(608,55,6,4,'normal','2015-11-26 21:21:12','2015-11-26 21:23:36','2015-11-26 21:23:36'),(609,55,7,0,'normal','2015-11-26 21:25:44','2015-11-26 21:28:09','2015-11-26 21:28:09'),(610,55,8,1,'normal','2015-11-26 21:31:54','2015-11-26 21:34:40','2015-11-26 21:34:40'),(611,55,9,2,'normal','2015-11-26 21:40:54','2015-11-26 21:42:00','2015-11-26 21:42:00'),(612,55,10,3,'normal','2015-11-26 21:47:30','2015-11-26 21:47:41','2015-11-26 21:47:41'),(613,56,1,0,'normal','2016-01-13 20:57:18','2016-01-13 21:00:02','2016-01-13 21:00:02'),(614,56,2,1,'normal','2016-01-13 21:04:13','2016-01-13 21:06:32','2016-01-13 21:06:32'),(615,56,3,2,'normal','2016-01-13 21:08:13','2016-01-13 21:11:40','2016-01-13 21:11:40'),(616,56,4,3,'normal','2016-01-13 21:14:05','2016-01-13 21:17:56','2016-01-13 21:17:56'),(617,56,5,4,'normal','2016-01-13 21:21:11','2016-01-13 21:24:29','2016-01-13 21:24:29'),(618,56,6,0,'solo','2016-01-13 21:30:46','2016-01-13 21:30:58','2016-01-13 21:30:58'),(619,56,7,1,'normal','2016-01-13 21:37:38','2016-01-13 21:37:53','2016-01-13 21:37:53'),(620,56,8,2,'normal','2016-01-13 21:41:52','2016-01-13 21:46:51','2016-01-13 21:46:51'),(621,56,9,3,'normal','2016-01-13 21:54:32','2016-01-13 21:54:48','2016-01-13 21:54:48'),(622,56,10,4,'normal','2016-01-13 22:01:17','2016-01-13 22:06:28','2016-01-13 22:06:28'),(623,57,1,0,'normal','2016-02-11 21:25:52','2016-02-11 21:31:13','2016-02-11 21:31:13'),(624,57,2,1,'normal','2016-02-11 21:38:52','2016-02-11 21:39:17','2016-02-11 21:39:17'),(625,57,3,2,'solo','2016-02-11 21:44:21','2016-02-11 21:48:19','2016-02-11 21:48:19'),(626,57,4,3,'normal','2016-02-11 21:52:32','2016-02-11 21:57:28','2016-02-11 21:57:28'),(627,57,5,4,'normal','2016-02-11 22:01:19','2016-02-11 22:06:06','2016-02-11 22:06:06'),(628,57,6,0,'solo','2016-02-11 22:13:16','2016-02-11 22:17:19','2016-02-11 22:17:19'),(629,58,1,0,'solo','2016-03-02 20:12:26','2016-03-02 20:14:44','2016-03-02 20:14:44'),(630,58,2,1,'normal','2016-03-02 20:23:56','2016-03-02 20:24:08','2016-03-02 20:24:08'),(631,58,3,2,'normal','2016-03-02 20:29:09','2016-03-02 20:33:02','2016-03-02 20:33:02'),(632,58,4,3,'normal','2016-03-02 20:42:55','2016-03-02 20:43:12','2016-03-02 20:43:12'),(633,58,5,4,'normal','2016-03-02 20:50:16','2016-03-02 20:53:22','2016-03-02 20:53:22'),(634,58,6,0,'normal','2016-03-02 20:57:16','2016-03-02 20:59:33','2016-03-02 20:59:33'),(635,58,7,1,'solo','2016-03-02 21:01:53','2016-03-02 21:04:56','2016-03-02 21:04:56'),(636,58,8,2,'normal','2016-03-02 21:09:31','2016-03-02 21:11:04','2016-03-02 21:11:04'),(637,58,9,3,'normal','2016-03-02 21:15:05','2016-03-02 21:17:46','2016-03-02 21:17:46'),(638,58,10,4,'normal','2016-03-02 21:20:27','2016-03-02 21:23:31','2016-03-02 21:23:31'),(639,58,11,0,'normal','2016-03-02 21:25:57','2016-03-02 21:29:18','2016-03-02 21:29:18'),(640,58,12,1,'normal','2016-03-02 21:39:14','2016-03-02 21:42:56','2016-03-02 21:42:56'),(642,58,13,1,'normal','2016-03-02 21:47:00','2016-03-02 21:50:48','2016-03-02 21:50:48'),(644,58,14,4,'normal','2016-03-02 21:53:28','2016-03-02 21:55:13','2016-03-02 21:55:13'),(645,58,15,0,'normal','2016-03-02 21:58:55','2016-03-02 22:01:35','2016-03-02 22:01:35'),(646,59,1,0,'normal','2016-03-31 20:49:28','2016-03-31 20:50:55','2016-03-31 20:50:55'),(647,59,2,1,'normal','2016-03-31 20:54:24','2016-03-31 20:56:42','2016-03-31 20:56:42'),(648,59,3,2,'normal','2016-03-31 20:59:43','2016-03-31 21:02:38','2016-03-31 21:02:38'),(649,59,4,3,'normal','2016-03-31 21:09:34','2016-03-31 21:12:30','2016-03-31 21:12:30'),(650,59,5,4,'normal','2016-03-31 21:15:03','2016-03-31 21:18:21','2016-03-31 21:18:21'),(651,59,6,0,'normal','2016-03-31 21:21:52','2016-03-31 21:23:46','2016-03-31 21:23:46'),(652,59,7,2,'normal','2016-03-31 21:29:24','2016-03-31 21:32:19','2016-03-31 21:32:19'),(653,59,8,3,'normal','2016-03-31 21:34:29','2016-03-31 21:36:50','2016-03-31 21:36:50'),(654,59,9,4,'normal','2016-03-31 21:39:13','2016-03-31 21:42:14','2016-03-31 21:42:14'),(655,59,10,0,'normal','2016-03-31 21:45:24','2016-03-31 21:49:26','2016-03-31 21:49:26'),(656,59,11,1,'normal','2016-03-31 21:53:44','2016-03-31 21:58:09','2016-03-31 21:58:09'),(657,59,12,3,'solo','2016-03-31 22:00:25','2016-03-31 22:02:44','2016-03-31 22:02:44'),(658,60,1,0,'normal','2016-05-03 21:16:16','2016-05-03 21:21:43','2016-05-03 21:21:43'),(659,60,2,1,'normal','2016-05-03 21:22:39','2016-05-03 21:24:19','2016-05-03 21:24:19'),(660,60,3,2,'normal','2016-05-03 21:27:37','2016-05-03 21:31:38','2016-05-03 21:31:38'),(661,60,4,3,'normal','2016-05-03 21:36:45','2016-05-03 21:39:39','2016-05-03 21:39:39'),(662,60,5,4,'normal','2016-05-03 21:46:59','2016-05-03 21:47:16','2016-05-03 21:47:16'),(663,60,6,0,'normal','2016-05-03 21:51:20','2016-05-03 21:52:21','2016-05-03 21:52:21'),(664,60,7,1,'normal','2016-05-03 21:54:30','2016-05-03 21:56:47','2016-05-03 21:56:47'),(665,60,8,2,'normal','2016-05-03 22:01:22','2016-05-03 22:05:08','2016-05-03 22:05:08'),(666,61,1,3,'normal','2016-06-03 22:12:39','2016-06-03 22:15:04','2016-06-03 22:15:04'),(667,61,2,0,'normal','2016-06-03 22:17:47','2016-06-03 22:21:10','2016-06-03 22:21:10'),(668,61,3,1,'normal','2016-06-03 22:24:06','2016-06-03 22:27:06','2016-06-03 22:27:06'),(669,61,4,2,'normal','2016-06-03 22:29:43','2016-06-03 22:32:47','2016-06-03 22:32:47'),(670,61,5,3,'normal','2016-06-03 22:38:18','2016-06-03 22:38:27','2016-06-03 22:38:27'),(671,61,6,0,'normal','2016-06-03 22:40:10','2016-06-03 22:44:11','2016-06-03 22:44:11'),(672,61,7,1,'normal','2016-06-03 22:48:13','2016-06-03 22:51:21','2016-06-03 22:51:21'),(673,61,8,2,'normal','2016-06-03 22:58:28','2016-06-03 23:01:37','2016-06-03 23:01:37'),(675,61,9,3,'solo','2016-06-03 23:05:25','2016-06-03 23:06:55','2016-06-03 23:06:55'),(676,61,10,0,'normal','2016-06-03 23:10:52','2016-06-03 23:15:08','2016-06-03 23:15:08'),(677,61,11,1,'normal','2016-06-03 23:34:47','2016-06-03 23:34:56','2016-06-03 23:34:56'),(678,62,1,3,'normal','2016-07-04 22:22:27','2016-07-04 22:22:41','2016-07-04 22:22:41'),(679,62,2,0,'normal','2016-07-04 22:23:24','2016-07-04 22:25:25','2016-07-04 22:25:25'),(680,62,3,1,'normal','2016-07-04 22:28:17','2016-07-04 22:31:35','2016-07-04 22:31:35'),(681,62,4,2,'solo','2016-07-04 22:40:50','2016-07-04 22:48:05','2016-07-04 22:48:05'),(682,62,5,3,'normal','2016-07-04 22:49:24','2016-07-04 22:54:12','2016-07-04 22:54:12'),(683,62,6,0,'normal','2016-07-04 22:57:57','2016-07-04 23:14:53','2016-07-04 23:14:53'),(684,62,7,1,'normal','2016-07-04 23:16:12','2016-07-04 23:16:29','2016-07-04 23:16:29'),(685,63,1,4,'normal','2016-08-23 20:49:48','2016-08-23 20:53:01','2016-08-23 20:53:01'),(686,63,2,0,'normal','2016-08-23 20:59:03','2016-08-23 20:59:17','2016-08-23 20:59:17'),(687,63,3,1,'solo','2016-08-23 21:01:54','2016-08-23 21:04:27','2016-08-23 21:04:27'),(688,63,4,2,'normal','2016-08-23 21:08:42','2016-08-23 21:15:05','2016-08-23 21:15:05'),(689,63,5,3,'normal','2016-08-23 21:23:11','2016-08-23 21:26:52','2016-08-23 21:26:52'),(690,63,6,4,'normal','2016-08-23 21:31:37','2016-08-23 21:35:33','2016-08-23 21:35:33'),(691,63,7,0,'normal','2016-08-23 21:38:13','2016-08-23 21:41:45','2016-08-23 21:41:45'),(692,63,8,1,'normal','2016-08-23 21:45:26','2016-08-23 21:48:45','2016-08-23 21:48:45'),(693,63,9,2,'normal','2016-08-23 21:52:40','2016-08-23 21:56:00','2016-08-23 21:56:00'),(694,63,10,3,'solo','2016-08-23 22:00:14','2016-08-23 22:03:17','2016-08-23 22:03:17'),(695,64,1,4,'solo','2016-09-20 20:42:54','2016-09-20 20:46:06','2016-09-20 20:46:06'),(696,64,2,0,'normal','2016-09-20 20:49:22','2016-09-20 20:52:07','2016-09-20 20:52:07'),(697,64,3,1,'normal','2016-09-20 20:54:20','2016-09-20 20:58:11','2016-09-20 20:58:11'),(698,64,4,2,'normal','2016-09-20 21:01:43','2016-09-20 21:07:18','2016-09-20 21:07:18'),(699,64,5,3,'normal','2016-09-20 21:11:48','2016-09-20 21:13:06','2016-09-20 21:13:06'),(700,64,6,4,'normal','2016-09-20 21:16:28','2016-09-20 21:21:06','2016-09-20 21:21:06'),(701,64,7,0,'normal','2016-09-20 21:24:58','2016-09-20 21:28:46','2016-09-20 21:28:46'),(702,64,8,1,'normal','2016-09-20 21:31:43','2016-09-20 21:36:14','2016-09-20 21:36:14'),(703,64,9,2,'normal','2016-09-20 21:39:24','2016-09-20 21:42:51','2016-09-20 21:42:51'),(704,64,10,3,'normal','2016-09-20 21:46:18','2016-09-20 21:50:51','2016-09-20 21:50:51'),(705,64,11,4,'normal','2016-09-20 21:53:50','2016-09-20 21:57:48','2016-09-20 21:57:48'),(706,64,12,0,'normal','2016-09-20 22:01:40','2016-09-20 22:04:48','2016-09-20 22:04:48'),(707,65,1,4,'normal','2016-10-11 20:15:42','2016-10-11 20:18:57','2016-10-11 20:18:57'),(708,65,2,0,'normal','2016-10-11 20:22:14','2016-10-11 20:25:01','2016-10-11 20:25:01'),(709,65,3,1,'normal','2016-10-11 20:28:45','2016-10-11 20:31:48','2016-10-11 20:31:48'),(710,65,4,2,'normal','2016-10-11 20:36:50','2016-10-11 20:38:28','2016-10-11 20:38:28'),(711,65,5,3,'solo','2016-10-11 20:40:45','2016-10-11 20:43:24','2016-10-11 20:43:24'),(712,65,6,4,'normal','2016-10-11 20:47:54','2016-10-11 20:50:24','2016-10-11 20:50:24'),(713,65,7,0,'normal','2016-10-11 20:53:12','2016-10-11 20:56:55','2016-10-11 20:56:55'),(714,65,8,1,'normal','2016-10-11 21:00:56','2016-10-11 21:04:40','2016-10-11 21:04:40'),(715,65,9,2,'normal','2016-10-11 21:07:45','2016-10-11 21:10:41','2016-10-11 21:10:41'),(716,65,10,3,'solo','2016-10-11 21:14:39','2016-10-11 21:18:17','2016-10-11 21:18:17'),(717,65,11,4,'normal','2016-10-11 21:22:20','2016-10-11 21:25:40','2016-10-11 21:25:40'),(718,65,12,0,'normal','2016-10-11 21:28:26','2016-10-11 21:30:29','2016-10-11 21:30:29'),(719,65,13,1,'normal','2016-10-11 21:34:11','2016-10-11 21:37:23','2016-10-11 21:37:23'),(721,65,14,4,'solo','2016-10-11 21:43:05','2016-10-11 21:45:25','2016-10-11 21:45:25'),(722,65,15,0,'normal','2016-10-11 21:48:07','2016-10-11 21:50:44','2016-10-11 21:50:44'),(723,65,16,1,'normal','2016-10-11 21:54:46','2016-10-11 21:58:49','2016-10-11 21:58:49'),(724,66,1,4,'normal','2016-10-31 20:50:16','2016-10-31 20:54:07','2016-10-31 20:54:07'),(725,66,2,0,'normal','2016-10-31 20:56:59','2016-10-31 20:59:33','2016-10-31 20:59:33'),(726,66,3,1,'normal','2016-10-31 21:05:31','2016-10-31 21:05:47','2016-10-31 21:05:47'),(727,66,4,2,'normal','2016-10-31 21:08:25','2016-10-31 21:11:05','2016-10-31 21:11:05'),(728,66,5,3,'normal','2016-10-31 21:13:21','2016-10-31 21:14:48','2016-10-31 21:14:48'),(729,66,6,4,'normal','2016-10-31 21:20:36','2016-10-31 21:20:45','2016-10-31 21:20:45'),(730,66,7,0,'normal','2016-10-31 21:21:54','2016-10-31 21:25:22','2016-10-31 21:25:22'),(731,66,8,1,'normal','2016-10-31 21:30:46','2016-10-31 21:30:55','2016-10-31 21:30:55'),(732,66,9,2,'normal','2016-10-31 21:34:46','2016-10-31 21:36:54','2016-10-31 21:36:54'),(733,66,10,3,'normal','2016-10-31 21:39:54','2016-10-31 21:41:55','2016-10-31 21:41:55'),(734,66,11,4,'normal','2016-10-31 21:47:14','2016-10-31 21:49:54','2016-10-31 21:49:54'),(735,66,12,0,'normal','2016-10-31 21:52:54','2016-10-31 21:55:28','2016-10-31 21:55:28'),(736,66,13,1,'normal','2016-10-31 22:03:45','2016-10-31 22:03:56','2016-10-31 22:03:56'),(737,66,14,2,'solo','2016-10-31 22:06:24','2016-10-31 22:08:24','2016-10-31 22:08:24'),(738,66,15,3,'normal','2016-10-31 22:13:11','2016-10-31 22:15:22','2016-10-31 22:15:22'),(742,3,2,1,'normal','2016-11-13 01:15:31','2016-11-13 01:15:42','2016-11-13 01:15:42'),(743,3,3,2,'solo','2016-11-13 01:16:04','2016-11-13 01:16:11','2016-11-13 01:16:11'),(744,3,4,3,'normal','2016-11-13 01:16:48','2016-11-13 01:19:49','2016-11-13 01:19:49'),(745,3,5,0,'solo','2016-11-13 01:20:16','2016-11-13 01:20:33','2016-11-13 01:20:33'),(746,3,6,3,'normal','2016-11-13 01:22:56','2016-11-13 01:23:12','2016-11-13 01:23:12'),(747,1,27,2,'solo','2016-11-13 01:26:38','2016-11-13 01:26:42','2016-11-13 01:26:42'),(748,2,1,0,'normal','2016-11-13 01:27:13','2016-11-13 01:27:31','2016-11-13 01:27:31'),(749,67,1,0,'normal','2016-11-14 19:55:40','2016-11-14 20:00:51','2016-11-14 20:00:51'),(750,67,2,1,'normal','2016-11-14 20:03:43','2016-11-14 20:06:55','2016-11-14 20:06:55'),(751,67,3,2,'normal','2016-11-14 20:09:09','2016-11-14 20:11:19','2016-11-14 20:11:19'),(752,67,4,3,'normal','2016-11-14 20:13:51','2016-11-14 20:18:54','2016-11-14 20:18:54'),(753,67,5,4,'normal','2016-11-14 20:21:42','2016-11-14 20:25:09','2016-11-14 20:25:09'),(754,67,6,0,'normal','2016-11-14 20:28:01','2016-11-14 20:34:49','2016-11-14 20:34:49'),(755,67,7,1,'normal','2016-11-14 20:39:09','2016-11-14 20:42:27','2016-11-14 20:42:27'),(756,67,8,2,'normal','2016-11-14 20:47:27','2016-11-14 20:50:45','2016-11-14 20:50:45'),(757,67,9,3,'normal','2016-11-14 20:54:39','2016-11-14 20:58:20','2016-11-14 20:58:20'),(758,67,10,4,'normal','2016-11-14 21:03:59','2016-11-14 21:07:05','2016-11-14 21:07:05'),(759,67,11,0,'normal','2016-11-14 21:11:58','2016-11-14 21:17:44','2016-11-14 21:17:44'),(760,67,12,1,'normal','2016-11-14 21:20:36','2016-11-14 21:24:29','2016-11-14 21:24:29'),(761,67,13,2,'normal','2016-11-14 21:31:15','2016-11-14 21:31:25','2016-11-14 21:31:25'),(762,67,14,3,'normal','2016-11-14 21:40:28','2016-11-14 21:44:50','2016-11-14 21:44:50'),(763,67,15,4,'normal','2016-11-14 21:49:30','2016-11-14 21:52:36','2016-11-14 21:52:36'),(764,67,16,0,'normal','2016-11-14 21:55:09','2016-11-14 21:59:11','2016-11-14 21:59:11'),(766,32,6,1,'normal','2016-11-21 14:40:20','2016-11-21 14:40:31','2016-11-21 14:40:31'),(772,32,7,2,'solo','2016-11-21 19:59:46','2016-11-21 19:59:55','2016-11-21 19:59:55'),(773,32,8,3,'solo','2016-11-21 20:00:20','2016-11-21 20:00:28','2016-11-21 20:00:28'),(774,32,9,0,'solo','2016-11-21 20:00:48','2016-11-21 20:00:54','2016-11-21 20:00:54'),(775,32,10,1,'solo','2016-11-21 20:01:18','2016-11-21 20:01:24','2016-11-21 20:01:24'),(776,32,11,2,'normal','2016-11-21 20:02:48','2016-11-21 20:03:01','2016-11-21 20:03:01'),(777,32,12,3,'normal','2016-11-21 20:03:43','2016-11-21 20:03:53','2016-11-21 20:03:53'),(778,32,13,0,'normal','2016-11-21 20:05:20','2016-11-21 20:05:37','2016-11-21 20:05:37'),(779,32,14,1,'solo','2016-11-21 20:06:04','2016-11-21 20:06:10','2016-11-21 20:06:10'),(781,32,15,2,'normal','2016-11-21 20:08:06','2016-11-21 20:08:17','2016-11-21 20:08:17'),(782,32,16,3,'normal','2016-11-21 20:09:06','2016-11-21 20:09:45','2016-11-21 20:09:45'),(783,32,17,0,'normal','2016-11-21 20:10:33','2016-11-21 20:10:45','2016-11-21 20:10:45'),(784,32,18,1,'normal','2016-11-21 20:11:20','2016-11-21 20:11:34','2016-11-21 20:11:34'),(785,32,19,2,'solo','2016-11-21 20:12:00','2016-11-21 20:12:07','2016-11-21 20:12:07'),(786,32,20,3,'normal','2016-11-21 20:12:53','2016-11-21 20:13:11','2016-11-21 20:13:11'),(787,68,1,4,'normal','2016-11-22 13:37:19','2016-11-22 13:37:36','2016-11-22 13:37:36'),(788,69,1,0,'normal','2017-01-04 20:32:35','2017-01-04 20:35:10','2017-01-04 20:35:10'),(789,69,2,1,'normal','2017-01-04 20:48:21','2017-01-04 20:51:04','2017-01-04 20:51:04'),(790,69,3,2,'solo','2017-01-04 20:58:28','2017-01-04 21:02:20','2017-01-04 21:02:20'),(791,69,4,3,'normal','2017-01-04 21:05:42','2017-01-04 21:10:46','2017-01-04 21:10:46'),(792,69,5,0,'solo','2017-01-04 21:13:44','2017-01-04 21:15:17','2017-01-04 21:15:17'),(793,69,6,1,'normal','2017-01-04 21:22:03','2017-01-04 21:22:14','2017-01-04 21:22:14'),(794,69,7,2,'normal','2017-01-04 21:25:43','2017-01-04 21:29:05','2017-01-04 21:29:05'),(795,69,8,3,'normal','2017-01-04 21:34:36','2017-01-04 21:34:47','2017-01-04 21:34:47'),(796,69,9,0,'normal','2017-01-04 21:40:55','2017-01-04 21:43:30','2017-01-04 21:43:30'),(797,69,10,1,'normal','2017-01-04 21:46:36','2017-01-04 21:51:27','2017-01-04 21:51:27'),(798,69,11,2,'solo','2017-01-04 21:56:39','2017-01-04 21:59:04','2017-01-04 21:59:04'),(800,69,12,3,'normal','2017-01-04 22:04:11','2017-01-04 22:04:28','2017-01-04 22:04:28'),(801,70,1,0,'normal','2017-02-08 20:08:16','2017-02-08 20:08:24','2017-02-08 20:08:24'),(802,70,2,1,'normal','2017-02-08 20:14:38','2017-02-08 20:14:48','2017-02-08 20:14:48'),(803,70,3,2,'normal','2017-02-08 20:32:19','2017-02-08 20:36:45','2017-02-08 20:36:45'),(804,70,4,3,'normal','2017-02-08 20:42:40','2017-02-08 20:42:52','2017-02-08 20:42:52'),(805,70,5,0,'normal','2017-02-08 20:49:08','2017-02-08 20:52:29','2017-02-08 20:52:29'),(806,70,6,1,'normal','2017-02-08 20:58:30','2017-02-08 20:58:41','2017-02-08 20:58:41'),(807,70,7,2,'normal','2017-02-08 21:03:34','2017-02-08 21:03:52','2017-02-08 21:03:52'),(808,70,8,3,'normal','2017-02-08 21:12:26','2017-02-08 21:15:50','2017-02-08 21:15:50'),(809,70,9,0,'normal','2017-02-08 21:20:05','2017-02-08 21:20:17','2017-02-08 21:20:17'),(810,70,10,1,'normal','2017-02-08 21:22:58','2017-02-08 21:27:19','2017-02-08 21:27:19'),(811,70,11,2,'normal','2017-02-08 21:31:23','2017-02-08 21:35:24','2017-02-08 21:35:24'),(813,70,12,3,'normal','2017-02-08 21:40:49','2017-02-08 21:41:02','2017-02-08 21:41:02'),(814,70,13,0,'solo','2017-02-08 21:45:37','2017-02-08 21:45:44','2017-02-08 21:45:44'),(815,70,14,1,'normal','2017-02-08 21:47:47','2017-02-08 21:51:27','2017-02-08 21:51:27');
/*!40000 ALTER TABLE `game_rounds` ENABLE KEYS */;
UNLOCK TABLES;

--
-- Table structure for table `games`
--

DROP TABLE IF EXISTS `games`;
/*!40101 SET @saved_cs_client     = @@character_set_client */;
/*!40101 SET character_set_client = utf8 */;
CREATE TABLE `games` (
  `id` int(10) unsigned NOT NULL AUTO_INCREMENT,
  `location_id` int(10) unsigned NOT NULL,
  `description` text COLLATE utf8_danish_ci NOT NULL,
  `attachments` set('sans','strongs','tips','halves') COLLATE utf8_danish_ci NOT NULL,
  `point_rules` set('reallybad','tips','solotricks') COLLATE utf8_danish_ci NOT NULL,
  `started_at` datetime NOT NULL,
  `ended_at` datetime DEFAULT NULL,
  `updated_at` datetime NOT NULL,
  PRIMARY KEY (`id`),
  KEY `started_at` (`started_at`),
  KEY `location_id` (`location_id`)
) ENGINE=InnoDB AUTO_INCREMENT=71 DEFAULT CHARSET=utf8 COLLATE=utf8_danish_ci;
/*!40101 SET character_set_client = @saved_cs_client */;

--
-- Dumping data for table `games`
--

LOCK TABLES `games` WRITE;
/*!40000 ALTER TABLE `games` DISABLE KEYS */;
INSERT INTO `games` VALUES (1,2,'Test\r\n\r\ngame','sans,strongs,tips,halves','reallybad,tips,solotricks','2012-11-30 22:38:59',NULL,'2016-11-13 01:26:42'),(2,4,'sdf','','','2012-11-30 23:07:30',NULL,'2016-11-13 01:27:31'),(3,4,'','tips','','2012-11-30 23:16:56',NULL,'2016-11-13 01:23:12'),(4,2,'julehygge 1 advent','','reallybad,solotricks','2012-12-02 12:02:09',NULL,'2012-12-15 23:16:02'),(5,3,'Klejneaften','tips','','2012-12-03 21:13:51',NULL,'2012-12-03 21:13:51'),(6,1,'','tips','','2013-01-17 21:30:49',NULL,'2013-01-17 23:18:29'),(7,4,'','tips','','2013-02-07 21:31:21',NULL,'2013-02-07 22:57:01'),(8,3,'','tips','','2013-02-18 20:26:23',NULL,'2013-02-18 22:10:32'),(9,6,'Cheesecake muffins','tips,halves','tips','2013-03-04 20:24:21',NULL,'2013-03-04 23:12:18'),(10,2,'','sans,halves','reallybad,tips','2013-03-06 22:12:07',NULL,'2013-03-06 22:12:07'),(11,1,'','tips,halves','tips','2013-04-02 21:11:24',NULL,'2013-04-02 23:02:31'),(12,4,'','tips','tips,solotricks','2013-04-18 20:51:35',NULL,'2013-04-18 22:13:43'),(13,3,'De seje spiller whist!','halves','tips,solotricks','2013-04-29 21:12:20',NULL,'2013-04-29 21:22:53'),(14,3,'','tips,halves','tips,solotricks','2013-04-29 21:28:02',NULL,'2013-04-29 22:50:22'),(15,2,'Test','sans,strongs,tips,halves','reallybad,tips,solotricks','2013-05-10 18:29:17',NULL,'2013-05-10 18:29:17'),(16,7,'','tips,halves','tips,solotricks','2013-05-23 21:01:40',NULL,'2013-05-23 23:04:25'),(17,4,'','tips,halves','tips,solotricks','2013-06-26 20:44:23',NULL,'2013-06-26 22:39:26'),(18,8,'','halves','','2013-07-11 21:38:49',NULL,'2013-07-11 22:09:00'),(19,7,'','tips,halves','tips,solotricks','2013-09-03 22:10:05',NULL,'2013-09-03 22:44:56'),(20,1,'Testing','strongs,tips','tips','2013-12-29 22:21:49',NULL,'2014-02-09 21:44:22'),(21,1,'','strongs','','2014-02-09 22:17:26',NULL,'2014-02-09 22:18:23'),(22,1,'Test game','sans,halves','solotricks','2014-02-09 22:19:34',NULL,'2014-02-09 22:55:19'),(23,1,'Test game','sans,strongs','solotricks','2014-02-09 22:37:50',NULL,'2014-09-06 17:32:04'),(24,1,'Test game','tips','solotricks','2014-02-10 22:51:37',NULL,'2014-02-15 13:46:59'),(25,1,'Test game','tips','','2014-02-10 22:55:39',NULL,'2014-02-15 14:07:03'),(26,5,'','tips,halves','solotricks','2014-02-11 20:49:01',NULL,'2014-02-11 22:49:39'),(27,1,'Test game','sans,strongs,halves','','2014-02-15 13:59:16',NULL,'2014-03-03 21:22:48'),(28,1,'','tips,halves','solotricks','2014-03-04 20:46:03',NULL,'2014-03-04 22:40:49'),(29,1,'Empty','','','2014-03-09 15:17:17',NULL,'2014-03-09 15:17:17'),(30,7,'','halves','tips,solotricks','2014-03-10 20:57:49',NULL,'2014-03-10 20:58:31'),(31,7,'','tips,halves','tips,solotricks','2014-03-10 21:02:17',NULL,'2014-03-10 21:03:23'),(32,7,'','tips,halves','tips,solotricks','2014-01-27 21:05:08',NULL,'2016-11-21 20:13:11'),(33,3,'','sans,tips,halves','','2014-03-17 20:40:45',NULL,'2014-03-17 22:47:53'),(34,7,'Epic shit.','tips,halves','','2014-04-07 20:39:40',NULL,'2014-04-07 22:53:16'),(35,5,'','tips,halves','','2014-04-22 21:33:28',NULL,'2014-04-22 23:08:28'),(36,1,'','tips,halves','','2014-05-20 21:15:00',NULL,'2014-05-20 22:29:31'),(37,4,'','tips,halves','','2014-06-10 21:33:12',NULL,'2014-06-10 22:24:03'),(38,3,'','tips,halves','','2014-06-23 21:04:25',NULL,'2014-06-23 22:56:29'),(39,7,'','tips,halves','','2014-07-28 20:57:31',NULL,'2014-07-28 22:30:52'),(40,9,'','tips,halves','','2014-08-27 20:45:29',NULL,'2014-08-27 21:30:44'),(41,1,'','tips,halves','','2014-09-09 21:07:40',NULL,'2014-09-09 21:46:19'),(42,4,'','sans,tips,halves','','2014-10-02 20:52:20',NULL,'2014-10-02 20:52:20'),(43,4,'','sans,tips,halves','','2014-10-02 20:55:23',NULL,'2014-10-02 21:47:06'),(44,3,'','sans,tips,halves','','2014-10-14 21:11:18',NULL,'2014-10-14 22:36:19'),(45,7,'','sans,tips,halves','','2014-11-05 20:47:31',NULL,'2014-11-05 22:04:15'),(46,9,'','sans,tips,halves','','2014-11-18 20:58:12',NULL,'2014-11-18 22:04:41'),(47,1,'','sans,tips,halves','','2015-01-06 20:58:31',NULL,'2015-01-06 22:26:21'),(48,4,'','sans,tips,halves','','2015-02-26 20:46:16',NULL,'2015-02-26 21:14:54'),(49,3,'','sans,tips,halves','','2015-03-23 20:27:00',NULL,'2015-03-23 21:45:10'),(50,7,'','sans,tips,halves','','2015-04-13 19:41:49',NULL,'2015-04-13 20:19:33'),(51,7,'','sans,tips,halves','','2015-04-13 20:20:41',NULL,'2015-04-13 21:52:13'),(52,9,'','sans,tips,halves','','2015-05-11 20:59:59',NULL,'2015-05-11 22:24:59'),(53,4,'','tips,halves','','2015-06-30 20:59:36',NULL,'2015-06-30 21:56:33'),(54,9,'','sans,tips,halves','','2015-11-03 20:24:50',NULL,'2015-11-03 21:55:51'),(55,1,'','sans,tips,halves','','2015-11-26 20:54:08',NULL,'2015-11-26 21:47:41'),(56,4,'','sans,tips,halves','','2016-01-13 20:53:52',NULL,'2016-01-13 22:06:28'),(57,3,'','sans,tips,halves','','2016-02-11 21:24:06',NULL,'2016-02-11 22:17:19'),(58,7,'','sans,tips,halves','','2016-03-02 20:07:02',NULL,'2016-03-02 22:01:35'),(59,9,'','tips,halves','','2016-03-31 20:47:58',NULL,'2016-03-31 22:02:44'),(60,1,'','tips,halves','','2016-05-03 21:13:48',NULL,'2016-05-03 22:05:08'),(61,3,'','sans,tips,halves','','2016-06-03 22:12:04',NULL,'2016-06-03 23:34:56'),(62,2,'','halves','','2016-07-04 22:21:42',NULL,'2016-07-04 23:16:29'),(63,9,'','tips,halves','','2016-08-23 20:48:01',NULL,'2016-08-23 22:03:17'),(64,1,'','tips,halves','solotricks','2016-09-20 20:39:25',NULL,'2016-09-20 22:04:48'),(65,4,'','tips,halves','solotricks','2016-10-11 20:09:36',NULL,'2016-10-11 21:58:49'),(66,3,'','tips,halves','solotricks','2016-10-31 20:48:49',NULL,'2016-10-31 22:15:22'),(67,9,'','tips,halves','solotricks','2016-11-14 19:52:42',NULL,'2016-11-14 21:59:11'),(68,10,'','halves','tips,solotricks','2016-11-22 13:36:36',NULL,'2016-11-22 13:37:36'),(69,9,'','tips,halves','solotricks','2017-01-04 20:27:42',NULL,'2017-01-04 22:04:28'),(70,4,'','tips','','2017-02-08 20:00:44',NULL,'2017-02-08 21:51:27');
/*!40000 ALTER TABLE `games` ENABLE KEYS */;
UNLOCK TABLES;

--
-- Table structure for table `groups`
--

DROP TABLE IF EXISTS `groups`;
/*!40101 SET @saved_cs_client     = @@character_set_client */;
/*!40101 SET character_set_client = utf8 */;
CREATE TABLE `groups` (
  `id` int(10) unsigned NOT NULL AUTO_INCREMENT,
  `name` tinytext COLLATE utf8_danish_ci NOT NULL,
  PRIMARY KEY (`id`)
) ENGINE=InnoDB AUTO_INCREMENT=3 DEFAULT CHARSET=utf8 COLLATE=utf8_danish_ci;
/*!40101 SET character_set_client = @saved_cs_client */;

--
-- Dumping data for table `groups`
--

LOCK TABLES `groups` WRITE;
/*!40000 ALTER TABLE `groups` DISABLE KEYS */;
INSERT INTO `groups` VALUES (1,'Madklubben'),(2,'Andersen Klanen');
/*!40000 ALTER TABLE `groups` ENABLE KEYS */;
UNLOCK TABLES;

--
-- Table structure for table `groups_locations`
--

DROP TABLE IF EXISTS `groups_locations`;
/*!40101 SET @saved_cs_client     = @@character_set_client */;
/*!40101 SET character_set_client = utf8 */;
CREATE TABLE `groups_locations` (
  `group_id` int(10) unsigned NOT NULL,
  `location_id` int(10) unsigned NOT NULL,
  KEY `location_id` (`location_id`),
  KEY `group_id` (`group_id`)
) ENGINE=InnoDB DEFAULT CHARSET=utf8 COLLATE=utf8_danish_ci COMMENT='Group and location relations';
/*!40101 SET character_set_client = @saved_cs_client */;

--
-- Dumping data for table `groups_locations`
--

LOCK TABLES `groups_locations` WRITE;
/*!40000 ALTER TABLE `groups_locations` DISABLE KEYS */;
/*!40000 ALTER TABLE `groups_locations` ENABLE KEYS */;
UNLOCK TABLES;

--
-- Table structure for table `groups_players`
--

DROP TABLE IF EXISTS `groups_players`;
/*!40101 SET @saved_cs_client     = @@character_set_client */;
/*!40101 SET character_set_client = utf8 */;
CREATE TABLE `groups_players` (
  `group_id` int(10) unsigned NOT NULL,
  `player_id` int(10) unsigned NOT NULL,
  KEY `group_id` (`group_id`),
  KEY `player_id` (`player_id`)
) ENGINE=InnoDB DEFAULT CHARSET=utf8 COLLATE=utf8_danish_ci;
/*!40101 SET character_set_client = @saved_cs_client */;

--
-- Dumping data for table `groups_players`
--

LOCK TABLES `groups_players` WRITE;
/*!40000 ALTER TABLE `groups_players` DISABLE KEYS */;
/*!40000 ALTER TABLE `groups_players` ENABLE KEYS */;
UNLOCK TABLES;

--
-- Table structure for table `locations`
--

DROP TABLE IF EXISTS `locations`;
/*!40101 SET @saved_cs_client     = @@character_set_client */;
/*!40101 SET character_set_client = utf8 */;
CREATE TABLE `locations` (
  `id` int(10) unsigned NOT NULL AUTO_INCREMENT,
  `name` tinytext COLLATE utf8_danish_ci NOT NULL,
  `current` bit(1) NOT NULL,
  PRIMARY KEY (`id`),
  KEY `current` (`current`),
  KEY `name` (`name`(3))
) ENGINE=InnoDB AUTO_INCREMENT=11 DEFAULT CHARSET=utf8 COLLATE=utf8_danish_ci;
/*!40101 SET character_set_client = @saved_cs_client */;

--
-- Dumping data for table `locations`
--

LOCK TABLES `locations` WRITE;
/*!40000 ALTER TABLE `locations` DISABLE KEYS */;
INSERT INTO `locations` VALUES (1,'Clause',''),(2,'Lysbrohjen',''),(3,'Kimse / Mette',''),(4,'HSA / Cille',''),(5,'Chr. Kbkes Gade - Kris / Majbritt','\0'),(6,'Fjldevnget - Bitsch / Marianne','\0'),(7,'Bitsch / Marianne',''),(8,'Sommerhus, Hirtshals','\0'),(9,'Kris / Majbritt',''),(10,'Sommerhus Sndervig','');
/*!40000 ALTER TABLE `locations` ENABLE KEYS */;
UNLOCK TABLES;

--
-- Table structure for table `normal_game_rounds`
--

DROP TABLE IF EXISTS `normal_game_rounds`;
/*!40101 SET @saved_cs_client     = @@character_set_client */;
/*!40101 SET character_set_client = utf8 */;
CREATE TABLE `normal_game_rounds` (
  `game_round_id` int(10) unsigned NOT NULL,
  `bid_winner_position` int(10) unsigned NOT NULL,
  `bid_winner_mate_position` int(10) unsigned DEFAULT NULL,
  `bid_tricks` int(10) unsigned NOT NULL,
  `bid_attachment` enum('none','sans','tips','strongs','goods','halves') COLLATE utf8_danish_ci NOT NULL,
  `tricks` int(10) unsigned DEFAULT NULL,
  `tips` int(10) unsigned DEFAULT NULL,
  PRIMARY KEY (`game_round_id`)
) ENGINE=InnoDB DEFAULT CHARSET=utf8 COLLATE=utf8_danish_ci;
/*!40101 SET character_set_client = @saved_cs_client */;

--
-- Dumping data for table `normal_game_rounds`
--

LOCK TABLES `normal_game_rounds` WRITE;
/*!40000 ALTER TABLE `normal_game_rounds` DISABLE KEYS */;
INSERT INTO `normal_game_rounds` VALUES (1,0,1,7,'none',13,NULL),(3,2,0,10,'tips',13,3),(4,0,1,10,'tips',10,3),(5,1,0,10,'tips',10,2),(6,2,1,10,'tips',10,1),(7,0,1,10,'tips',10,3),(8,0,1,10,'tips',10,2),(9,0,2,10,'tips',10,1),(10,2,3,10,'tips',12,3),(12,0,1,11,'tips',11,3),(13,2,1,9,'goods',8,NULL),(14,0,2,10,'none',12,NULL),(15,3,3,11,'goods',12,NULL),(16,3,0,9,'goods',11,NULL),(19,3,1,9,'tips',8,2),(20,1,3,9,'goods',6,NULL),(21,2,1,8,'tips',9,3),(22,0,2,9,'tips',7,3),(24,1,3,9,'tips',11,3),(25,0,1,8,'tips',7,3),(26,2,0,8,'tips',6,2),(27,0,2,9,'none',11,NULL),(28,1,3,9,'goods',11,NULL),(37,1,1,10,'none',11,NULL),(38,2,1,10,'goods',2,NULL),(39,1,2,10,'goods',2,NULL),(42,2,NULL,9,'goods',NULL,NULL),(43,0,3,9,'none',9,NULL),(44,1,3,9,'tips',9,1),(45,1,3,9,'tips',7,3),(46,2,1,9,'tips',12,2),(48,3,2,8,'tips',9,1),(49,1,0,9,'tips',10,1),(50,1,3,10,'tips',9,1),(51,2,3,9,'tips',8,3),(52,1,0,10,'none',10,NULL),(53,1,2,9,'tips',11,3),(54,2,1,10,'tips',10,3),(55,0,2,10,'none',9,NULL),(56,1,3,9,'goods',10,NULL),(59,1,3,9,'goods',10,NULL),(60,1,0,9,'tips',8,3),(61,0,2,9,'tips',6,2),(62,0,1,9,'none',9,NULL),(63,3,0,9,'tips',13,1),(64,2,3,9,'goods',13,NULL),(65,1,0,9,'tips',9,1),(66,1,3,9,'goods',10,NULL),(67,3,2,9,'none',7,NULL),(68,3,2,10,'goods',11,NULL),(69,0,3,9,'none',12,NULL),(70,1,3,9,'tips',10,2),(72,2,3,9,'tips',6,3),(73,3,2,9,'none',9,NULL),(74,0,3,9,'tips',8,3),(76,2,0,10,'none',13,NULL),(77,0,3,9,'goods',11,NULL),(79,1,1,10,'none',11,NULL),(80,3,0,9,'tips',10,1),(83,3,2,9,'tips',7,3),(84,1,1,9,'none',7,NULL),(86,0,1,8,'tips',10,3),(87,3,2,9,'tips',11,3),(89,0,1,9,'tips',10,1),(90,1,0,9,'goods',8,NULL),(91,0,2,8,'goods',8,NULL),(92,3,1,9,'none',10,NULL),(94,3,1,10,'tips',11,3),(95,0,2,9,'halves',7,NULL),(97,3,1,9,'tips',4,1),(98,3,1,8,'goods',8,NULL),(106,3,1,9,'sans',9,NULL),(107,0,2,9,'goods',9,NULL),(108,0,3,9,'goods',11,NULL),(110,2,0,9,'tips',5,3),(111,3,1,9,'none',8,NULL),(112,2,1,9,'tips',12,1),(113,2,3,9,'goods',11,NULL),(114,3,1,9,'none',9,NULL),(115,2,1,9,'none',7,NULL),(116,1,1,9,'goods',6,NULL),(117,1,0,9,'tips',5,3),(118,3,0,9,'tips',9,3),(119,2,0,9,'tips',8,2),(120,3,0,9,'goods',11,NULL),(121,1,1,9,'goods',5,NULL),(122,2,3,9,'goods',10,NULL),(123,1,2,9,'tips',11,3),(124,3,0,9,'goods',8,NULL),(125,0,0,9,'tips',5,1),(126,2,0,9,'tips',9,1),(127,2,0,9,'tips',9,2),(128,0,1,9,'tips',9,3),(130,2,1,9,'goods',8,NULL),(131,2,1,9,'goods',8,NULL),(132,2,3,9,'tips',13,1),(133,3,0,9,'tips',7,2),(134,1,2,9,'none',7,NULL),(135,1,1,9,'tips',9,1),(138,1,0,10,'none',11,NULL),(141,1,3,11,'none',10,NULL),(143,0,3,9,'tips',8,1),(144,3,0,9,'goods',11,NULL),(146,2,3,9,'tips',12,1),(147,3,2,9,'tips',9,2),(148,3,1,10,'goods',9,NULL),(149,0,3,9,'goods',11,NULL),(150,2,0,9,'tips',7,3),(151,2,1,9,'tips',7,3),(153,3,1,9,'tips',7,3),(154,1,2,9,'tips',9,1),(155,1,3,9,'tips',7,3),(156,2,1,9,'tips',7,1),(159,3,2,9,'goods',10,NULL),(160,3,2,9,'none',5,NULL),(161,2,3,9,'goods',7,NULL),(162,1,1,9,'tips',8,1),(163,0,0,9,'none',6,NULL),(164,3,0,9,'tips',11,3),(165,2,3,9,'tips',7,1),(167,1,2,9,'tips',9,3),(168,1,2,9,'tips',9,1),(169,1,0,9,'tips',8,2),(170,2,0,9,'goods',13,NULL),(171,3,2,9,'goods',10,NULL),(172,1,3,9,'tips',9,1),(173,1,2,9,'goods',11,NULL),(174,0,3,9,'tips',11,2),(175,3,2,8,'none',9,NULL),(176,0,2,9,'none',10,NULL),(177,1,2,10,'none',10,NULL),(179,1,3,8,'goods',11,NULL),(180,2,1,9,'none',9,NULL),(181,0,1,9,'tips',10,3),(182,2,0,9,'tips',9,1),(184,2,2,9,'halves',7,NULL),(186,1,0,9,'strongs',5,NULL),(187,2,0,9,'tips',9,2),(188,2,1,7,'none',1,NULL),(199,1,2,9,'none',6,NULL),(200,2,1,8,'goods',0,NULL),(201,1,2,7,'none',0,NULL),(206,2,0,8,'strongs',2,NULL),(208,0,0,8,'none',6,NULL),(209,3,2,9,'strongs',2,NULL),(210,3,3,8,'tips',10,1),(215,2,0,8,'strongs',1,NULL),(216,2,2,7,'strongs',10,NULL),(217,3,0,9,'none',6,NULL),(218,4,2,12,'strongs',5,NULL),(220,2,2,13,'none',1,NULL),(221,2,3,8,'tips',2,1),(223,1,0,8,'strongs',2,NULL),(225,0,1,8,'none',5,NULL),(227,5,5,7,'sans',7,NULL),(228,2,1,8,'none',12,NULL),(229,3,0,7,'sans',6,NULL),(230,2,3,8,'none',4,NULL),(231,5,1,9,'sans',2,NULL),(232,1,3,10,'none',9,NULL),(234,0,4,12,'strongs',12,NULL),(237,5,5,11,'goods',2,NULL),(240,1,0,7,'none',3,NULL),(241,3,0,7,'none',1,NULL),(243,1,0,7,'none',3,NULL),(244,3,1,7,'none',2,NULL),(246,2,2,7,'sans',4,NULL),(247,3,5,7,'none',9,NULL),(249,4,4,8,'none',13,NULL),(252,2,1,10,'tips',10,2),(254,2,3,8,'goods',9,NULL),(255,3,3,9,'goods',10,NULL),(260,3,1,9,'goods',7,NULL),(262,1,4,10,'goods',12,NULL),(265,0,3,9,'tips',11,3),(266,2,0,8,'none',10,NULL),(267,2,0,9,'goods',11,NULL),(268,2,1,9,'tips',10,3),(269,2,0,9,'none',7,NULL),(270,2,1,10,'none',11,NULL),(271,2,3,9,'goods',10,NULL),(272,2,1,9,'goods',13,NULL),(274,2,0,9,'none',10,NULL),(275,2,2,9,'goods',7,NULL),(276,0,1,9,'goods',10,NULL),(277,2,0,9,'none',11,NULL),(278,2,3,9,'goods',10,NULL),(279,0,3,8,'tips',11,2),(281,2,1,9,'tips',9,3),(282,2,0,8,'tips',4,2),(285,0,0,10,'goods',12,NULL),(286,1,2,8,'goods',10,NULL),(287,4,2,8,'goods',3,NULL),(288,0,1,13,'none',12,NULL),(289,2,3,12,'tips',11,2),(290,1,2,8,'sans',2,NULL),(291,3,0,8,'sans',1,NULL),(292,3,2,8,'sans',2,NULL),(293,3,3,7,'sans',1,NULL),(294,2,1,7,'sans',2,NULL),(296,4,2,9,'sans',4,NULL),(297,2,0,9,'sans',11,NULL),(298,4,6,7,'sans',3,NULL),(299,0,0,8,'goods',5,NULL),(301,0,1,9,'goods',2,NULL),(303,2,6,9,'sans',5,NULL),(304,5,0,9,'goods',9,NULL),(305,1,0,8,'sans',11,NULL),(306,5,1,12,'none',12,NULL),(307,3,1,9,'goods',9,NULL),(309,2,3,9,'goods',9,NULL),(310,5,4,9,'strongs',10,NULL),(311,4,1,9,'sans',3,NULL),(312,3,3,9,'strongs',7,NULL),(313,3,6,9,'strongs',10,NULL),(314,2,4,9,'goods',12,NULL),(315,3,5,8,'sans',5,NULL),(317,1,3,11,'strongs',6,NULL),(318,6,2,8,'sans',8,NULL),(319,5,5,8,'goods',9,NULL),(322,1,0,9,'tips',6,3),(323,4,1,10,'none',11,NULL),(324,2,4,10,'none',11,NULL),(325,0,3,9,'goods',8,NULL),(326,2,1,9,'tips',8,3),(327,1,1,9,'goods',8,NULL),(330,0,4,9,'halves',11,NULL),(331,2,3,9,'tips',13,1),(332,2,0,9,'tips',10,1),(333,3,4,9,'goods',11,NULL),(334,0,4,8,'halves',9,NULL),(336,2,0,9,'tips',11,1),(337,2,3,9,'tips',8,3),(341,3,0,9,'tips',10,1),(343,3,1,9,'tips',9,1),(344,3,2,9,'none',8,NULL),(345,0,1,9,'goods',13,NULL),(347,2,3,9,'tips',8,2),(348,0,1,9,'tips',8,3),(350,4,3,9,'none',9,NULL),(351,4,0,9,'tips',13,1),(352,4,2,8,'tips',9,1),(353,2,1,9,'tips',12,1),(354,3,3,9,'goods',10,NULL),(355,3,4,9,'tips',10,3),(357,0,2,9,'none',11,NULL),(359,3,2,9,'goods',10,NULL),(360,2,4,10,'none',10,NULL),(361,3,4,9,'halves',10,NULL),(362,0,3,11,'none',12,NULL),(363,4,0,8,'tips',8,3),(364,0,3,9,'none',12,NULL),(367,2,4,9,'tips',10,3),(368,3,3,8,'tips',5,3),(370,0,3,9,'tips',9,3),(371,4,1,9,'goods',11,NULL),(372,3,2,9,'goods',11,NULL),(373,0,4,9,'tips',10,2),(374,0,1,9,'none',8,NULL),(375,1,0,9,'tips',11,2),(376,4,4,9,'none',4,NULL),(377,1,3,9,'tips',9,2),(378,1,4,9,'tips',11,1),(380,0,4,10,'none',13,NULL),(381,0,3,8,'tips',8,3),(382,3,4,9,'tips',7,3),(383,1,3,9,'goods',8,NULL),(384,4,1,9,'none',10,NULL),(386,3,3,9,'goods',7,NULL),(387,3,2,9,'none',12,NULL),(388,3,1,9,'none',10,NULL),(391,2,4,10,'none',10,NULL),(392,0,3,9,'tips',8,3),(393,2,1,9,'halves',5,NULL),(394,3,0,9,'tips',12,2),(395,4,3,9,'tips',11,3),(398,0,1,9,'goods',11,NULL),(400,4,1,9,'tips',9,2),(401,1,4,8,'tips',7,3),(402,0,1,9,'tips',6,3),(403,0,2,9,'none',10,NULL),(404,1,3,9,'goods',7,NULL),(405,0,1,9,'tips',6,3),(406,0,1,8,'tips',9,3),(407,0,2,9,'tips',9,3),(410,3,0,9,'tips',7,3),(411,0,3,9,'goods',11,NULL),(415,3,4,9,'tips',8,3),(416,1,3,10,'none',13,NULL),(417,2,0,9,'halves',10,NULL),(418,1,0,9,'none',12,NULL),(420,4,3,9,'tips',10,3),(421,3,0,9,'tips',8,3),(422,1,2,9,'tips',9,2),(423,3,0,9,'tips',9,2),(424,4,2,9,'tips',5,3),(425,3,4,9,'none',12,NULL),(426,0,1,9,'tips',11,3),(427,1,4,10,'none',13,NULL),(428,2,3,8,'tips',11,2),(429,1,3,9,'tips',10,2),(430,4,0,9,'none',9,NULL),(432,0,4,9,'tips',10,1),(433,0,3,9,'goods',13,NULL),(436,2,0,9,'none',11,NULL),(437,0,3,9,'tips',12,1),(438,4,3,9,'tips',5,3),(439,2,2,9,'goods',10,NULL),(440,3,1,9,'goods',12,NULL),(441,2,1,8,'tips',10,3),(442,0,2,9,'none',9,NULL),(443,1,3,9,'goods',10,NULL),(444,2,3,9,'none',10,NULL),(445,4,3,9,'none',13,NULL),(446,0,1,9,'tips',13,1),(447,0,3,10,'none',13,NULL),(448,2,1,9,'tips',10,1),(449,2,0,9,'tips',10,1),(450,0,4,8,'goods',8,NULL),(451,0,2,9,'none',10,NULL),(452,0,1,10,'none',10,NULL),(454,2,3,9,'tips',6,3),(455,0,1,10,'none',11,NULL),(457,0,3,10,'none',11,NULL),(458,4,3,9,'strongs',4,NULL),(461,1,1,10,'goods',2,NULL),(462,2,0,10,'strongs',7,NULL),(463,4,2,9,'strongs',9,NULL),(465,1,2,9,'none',9,NULL),(466,2,1,9,'none',8,NULL),(467,1,3,9,'tips',8,3),(468,1,3,9,'goods',8,NULL),(469,1,2,9,'none',13,NULL),(473,3,0,9,'none',11,NULL),(474,4,5,9,'goods',11,NULL),(475,4,5,9,'goods',11,NULL),(476,3,0,9,'tips',9,3),(478,5,3,9,'tips',11,1),(481,4,2,9,'goods',7,NULL),(482,5,2,10,'none',8,NULL),(484,1,5,9,'tips',6,3),(485,5,1,9,'tips',10,1),(486,0,1,9,'none',7,NULL),(487,1,2,9,'none',8,NULL),(488,0,2,9,'tips',8,3),(489,5,1,8,'tips',11,2),(490,3,0,10,'none',8,NULL),(491,3,0,8,'tips',13,3),(493,2,1,9,'none',10,NULL),(494,2,1,9,'none',13,NULL),(495,4,2,10,'goods',12,NULL),(497,4,0,9,'tips',13,1),(499,1,3,9,'tips',6,3),(500,2,3,8,'tips',8,2),(504,3,2,8,'none',5,NULL),(505,3,2,10,'none',10,NULL),(506,2,2,9,'none',11,NULL),(507,4,3,9,'tips',9,3),(508,4,2,9,'tips',12,1),(509,3,0,8,'tips',10,2),(510,2,4,9,'none',8,NULL),(511,2,3,9,'none',10,NULL),(512,1,0,9,'tips',8,3),(513,4,1,8,'tips',10,1),(515,4,3,10,'sans',11,NULL),(516,1,0,8,'tips',7,3),(517,1,3,10,'none',12,NULL),(518,1,3,8,'tips',11,2),(522,0,3,8,'tips',11,3),(523,1,3,9,'tips',11,2),(524,0,3,8,'goods',8,NULL),(525,1,0,9,'tips',7,3),(526,3,1,9,'goods',12,NULL),(527,3,3,9,'goods',9,NULL),(528,1,2,10,'none',11,NULL),(529,1,2,9,'tips',10,2),(530,2,0,9,'tips',11,1),(531,2,4,9,'tips',11,1),(532,4,3,9,'tips',9,1),(533,4,0,9,'tips',10,3),(534,2,4,9,'tips',10,2),(535,1,0,9,'tips',8,3),(536,1,0,9,'tips',8,3),(537,1,2,9,'tips',11,2),(538,2,3,9,'tips',6,3),(539,1,2,9,'none',10,NULL),(540,2,0,9,'tips',8,1),(541,4,4,9,'none',6,NULL),(542,4,4,10,'none',8,NULL),(544,0,2,8,'tips',9,3),(545,2,0,9,'tips',11,2),(546,0,2,9,'tips',9,2),(547,3,2,9,'none',8,NULL),(548,0,0,9,'goods',9,NULL),(549,0,1,9,'tips',12,3),(551,2,0,10,'none',9,NULL),(553,0,4,9,'goods',7,NULL),(554,4,0,10,'none',10,NULL),(555,1,4,9,'tips',9,2),(556,0,3,9,'goods',11,NULL),(557,4,3,9,'tips',11,2),(558,3,4,9,'tips',5,3),(561,1,0,9,'none',9,NULL),(563,1,3,10,'none',12,NULL),(565,0,3,8,'tips',7,3),(566,0,1,9,'tips',7,3),(567,0,0,9,'none',8,NULL),(568,0,1,9,'tips',6,3),(569,1,0,9,'tips',9,3),(572,3,2,9,'goods',10,NULL),(573,2,0,9,'tips',7,2),(574,2,0,9,'tips',11,2),(575,3,0,9,'goods',13,NULL),(576,0,1,8,'tips',9,3),(577,0,1,9,'none',8,NULL),(578,0,3,9,'tips',13,1),(579,0,1,8,'tips',8,1),(580,0,1,8,'tips',6,3),(582,2,2,10,'halves',9,NULL),(583,0,2,9,'tips',11,1),(584,4,2,9,'goods',11,NULL),(585,3,3,10,'none',12,NULL),(586,4,3,9,'tips',11,2),(587,4,0,9,'goods',13,NULL),(588,0,3,9,'tips',10,1),(589,1,3,9,'tips',10,2),(590,2,2,9,'none',6,NULL),(591,3,1,9,'tips',9,1),(592,3,0,9,'tips',9,2),(593,2,3,9,'tips',7,3),(594,0,2,9,'tips',9,2),(595,0,1,9,'tips',9,3),(596,1,4,9,'tips',9,1),(597,3,2,10,'none',12,NULL),(598,3,1,9,'tips',10,1),(599,2,0,9,'tips',10,1),(600,3,0,9,'tips',10,1),(601,1,4,9,'tips',8,3),(604,1,3,9,'tips',11,1),(605,3,0,9,'tips',12,1),(606,4,3,9,'goods',10,NULL),(607,1,2,9,'tips',11,1),(608,0,1,10,'none',12,NULL),(609,1,3,10,'none',11,NULL),(610,2,0,9,'tips',11,3),(611,1,0,9,'tips',11,3),(612,1,4,9,'goods',9,NULL),(613,4,1,9,'tips',9,3),(614,4,0,9,'none',8,NULL),(615,3,4,10,'none',9,NULL),(616,0,4,9,'tips',8,2),(617,3,2,9,'goods',10,NULL),(619,0,4,9,'tips',13,2),(620,0,3,9,'tips',8,3),(621,2,4,9,'tips',7,3),(622,2,0,9,'goods',9,NULL),(623,2,3,9,'tips',8,1),(624,4,0,9,'goods',7,NULL),(626,2,4,9,'tips',7,3),(627,0,3,9,'tips',9,3),(630,3,2,9,'tips',10,1),(631,0,4,10,'none',9,NULL),(632,1,0,9,'goods',7,NULL),(633,2,3,9,'tips',12,2),(634,2,3,10,'none',12,NULL),(636,3,0,10,'none',13,NULL),(637,2,4,9,'tips',6,3),(638,1,0,9,'goods',10,NULL),(639,3,2,9,'none',9,NULL),(640,4,0,9,'goods',9,NULL),(642,0,4,9,'tips',8,2),(644,3,2,9,'goods',13,NULL),(645,0,2,9,'tips',12,1),(646,3,1,9,'tips',9,1),(647,0,4,9,'tips',10,1),(648,3,1,9,'tips',7,2),(649,0,2,9,'tips',12,2),(650,2,1,9,'tips',8,3),(651,2,1,9,'tips',7,3),(652,1,1,9,'tips',6,1),(653,1,3,9,'goods',13,NULL),(654,0,0,10,'none',9,NULL),(655,3,0,9,'tips',8,3),(656,0,1,9,'tips',9,3),(658,3,4,9,'tips',12,1),(659,2,4,9,'tips',12,1),(660,3,0,9,'tips',5,3),(661,4,0,9,'tips',7,3),(662,2,0,9,'tips',9,3),(663,2,1,9,'tips',9,1),(664,2,3,9,'tips',10,1),(665,0,3,9,'tips',11,2),(666,0,2,10,'none',12,NULL),(667,3,2,9,'tips',9,2),(668,0,2,9,'tips',11,3),(669,0,2,9,'tips',10,1),(670,0,3,9,'tips',10,1),(671,0,2,10,'none',9,NULL),(672,3,0,9,'tips',13,3),(673,0,2,9,'none',11,NULL),(676,0,3,10,'none',10,NULL),(677,0,1,9,'none',10,NULL),(678,3,0,9,'goods',12,NULL),(679,2,0,10,'none',11,NULL),(680,3,0,7,'goods',10,NULL),(682,0,3,8,'goods',9,NULL),(683,2,3,10,'goods',13,NULL),(684,3,2,8,'none',7,NULL),(685,1,0,9,'tips',11,1),(686,2,1,9,'tips',10,2),(688,1,4,10,'none',9,NULL),(689,2,0,9,'tips',10,2),(690,1,3,9,'tips',10,2),(691,2,4,9,'tips',9,3),(692,3,4,9,'tips',9,3),(693,1,4,9,'tips',10,2),(696,1,3,9,'none',12,NULL),(697,2,0,9,'none',9,NULL),(698,0,1,9,'goods',9,NULL),(699,4,0,10,'none',10,NULL),(700,3,0,10,'none',10,NULL),(701,4,2,9,'tips',11,3),(702,3,0,9,'tips',7,1),(703,4,1,10,'none',11,NULL),(704,2,1,9,'tips',7,3),(705,2,0,9,'tips',8,2),(706,3,4,9,'tips',13,1),(707,0,3,9,'tips',9,2),(708,3,3,9,'goods',3,NULL),(709,3,4,9,'tips',12,3),(710,4,0,9,'tips',10,2),(712,1,3,9,'tips',12,2),(713,3,2,9,'none',11,NULL),(714,0,2,9,'none',9,NULL),(715,4,0,9,'tips',9,1),(717,0,2,9,'tips',5,2),(718,3,4,9,'tips',11,2),(719,4,3,9,'tips',8,2),(722,1,1,9,'none',12,NULL),(723,2,3,9,'none',9,NULL),(724,1,2,9,'tips',9,3),(725,3,4,10,'goods',8,NULL),(726,0,4,9,'goods',9,NULL),(727,4,3,10,'none',10,NULL),(728,4,2,9,'goods',13,NULL),(729,0,1,9,'none',10,NULL),(730,2,3,9,'tips',9,3),(731,4,0,9,'halves',13,NULL),(732,4,0,9,'none',9,NULL),(733,1,2,9,'none',9,NULL),(734,2,0,9,'goods',13,NULL),(735,4,2,9,'tips',10,3),(736,0,3,9,'goods',10,NULL),(738,1,4,10,'none',13,NULL),(741,2,NULL,9,'none',NULL,NULL),(742,0,3,7,'none',11,NULL),(744,1,1,10,'tips',3,2),(746,1,2,9,'goods',11,NULL),(748,1,2,12,'goods',12,NULL),(749,3,2,9,'tips',11,2),(750,3,2,9,'tips',11,2),(751,3,1,10,'none',13,NULL),(752,4,0,9,'none',10,NULL),(753,0,3,9,'tips',7,3),(754,3,3,10,'none',10,NULL),(755,0,3,9,'none',10,NULL),(756,1,4,9,'tips',12,2),(757,1,4,9,'tips',11,2),(758,0,3,9,'none',7,NULL),(759,4,3,10,'none',11,NULL),(760,3,2,9,'none',10,NULL),(761,0,4,9,'tips',6,3),(762,4,1,9,'tips',10,1),(763,3,2,9,'tips',8,3),(764,3,4,10,'none',8,NULL),(765,2,3,9,'tips',6,3),(766,2,3,9,'tips',8,3),(776,2,0,9,'goods',13,NULL),(777,3,2,9,'none',10,NULL),(778,0,2,10,'none',10,NULL),(780,2,0,9,'none',10,NULL),(781,3,0,9,'none',10,NULL),(782,0,1,9,'none',7,NULL),(783,2,3,9,'tips',13,1),(784,1,0,9,'none',9,NULL),(786,2,3,8,'tips',10,2),(787,2,3,9,'goods',11,NULL),(788,0,1,9,'none',7,NULL),(789,0,1,10,'none',10,NULL),(791,0,1,9,'tips',10,2),(793,3,2,9,'none',11,NULL),(794,2,3,9,'tips',8,3),(795,3,2,9,'tips',10,3),(796,0,1,11,'none',13,NULL),(797,2,1,9,'tips',9,3),(800,0,1,9,'tips',11,2),(801,2,1,9,'tips',5,3),(802,0,3,9,'tips',9,3),(803,1,2,9,'tips',8,3),(804,2,0,10,'none',13,NULL),(805,3,0,9,'tips',8,3),(806,1,3,10,'none',10,NULL),(807,1,2,9,'tips',12,3),(808,1,3,9,'none',13,NULL),(809,3,0,10,'none',12,NULL),(810,0,2,9,'goods',7,NULL),(811,1,0,9,'tips',6,3),(812,1,0,10,'none',10,NULL),(813,1,0,10,'none',11,NULL),(815,2,0,10,'none',11,NULL);
/*!40000 ALTER TABLE `normal_game_rounds` ENABLE KEYS */;
UNLOCK TABLES;

--
-- Table structure for table `players`
--

DROP TABLE IF EXISTS `players`;
/*!40101 SET @saved_cs_client     = @@character_set_client */;
/*!40101 SET character_set_client = utf8 */;
CREATE TABLE `players` (
  `id` int(10) unsigned NOT NULL AUTO_INCREMENT,
  `nickname` tinytext COLLATE utf8_danish_ci NOT NULL,
  `fullname` tinytext COLLATE utf8_danish_ci NOT NULL,
  PRIMARY KEY (`id`)
) ENGINE=InnoDB AUTO_INCREMENT=12 DEFAULT CHARSET=utf8 COLLATE=utf8_danish_ci;
/*!40101 SET character_set_client = @saved_cs_client */;

--
-- Dumping data for table `players`
--

LOCK TABLES `players` WRITE;
/*!40000 ALTER TABLE `players` DISABLE KEYS */;
INSERT INTO `players` VALUES (1,'Clause','Claus Andersen'),(2,'Kimse','Kim Rauff Schurmann'),(3,'HSA','Henrik Skaarup Andersen'),(4,'Bitsch','Henrik Bitsch Kirk'),(5,'Kris','Kristian Andersen'),(7,'Inge','Inge Andersen'),(8,'Lene','Lene Andersen'),(9,'Anders','Anders Andersen'),(10,'Cille','Cecilie'),(11,'Carl Hungus','Gant');
/*!40000 ALTER TABLE `players` ENABLE KEYS */;
UNLOCK TABLES;

--
-- Table structure for table `solo_game_round_bid_winners`
--

DROP TABLE IF EXISTS `solo_game_round_bid_winners`;
/*!40101 SET @saved_cs_client     = @@character_set_client */;
/*!40101 SET character_set_client = utf8 */;
CREATE TABLE `solo_game_round_bid_winners` (
  `game_round_id` int(10) unsigned NOT NULL,
  `player_position` int(11) NOT NULL,
  `tricks` int(11) DEFAULT NULL,
  PRIMARY KEY (`game_round_id`,`player_position`)
) ENGINE=InnoDB DEFAULT CHARSET=utf8 COLLATE=utf8_danish_ci;
/*!40101 SET character_set_client = @saved_cs_client */;

--
-- Dumping data for table `solo_game_round_bid_winners`
--

LOCK TABLES `solo_game_round_bid_winners` WRITE;
/*!40000 ALTER TABLE `solo_game_round_bid_winners` DISABLE KEYS */;
INSERT INTO `solo_game_round_bid_winners` VALUES (2,1,13),(11,1,0),(11,3,3),(17,1,0),(18,1,0),(23,1,0),(40,2,8),(41,1,8),(41,2,0),(47,1,0),(57,0,1),(58,3,1),(71,1,1),(75,3,2),(78,2,1),(82,1,1),(82,3,4),(85,0,0),(88,3,0),(93,2,1),(96,2,4),(99,1,11),(100,1,6),(101,0,2),(101,1,0),(101,2,4),(102,0,1),(102,1,2),(102,2,0),(105,1,1),(105,2,3),(109,1,0),(129,0,1),(136,3,0),(137,0,0),(137,1,1),(139,3,0),(140,3,2),(142,1,2),(158,0,1),(166,0,0),(166,1,1),(178,2,0),(183,2,1),(185,3,5),(211,4,1),(212,3,1),(213,0,1),(213,4,2),(219,4,10),(224,0,2),(224,2,0),(224,3,4),(226,3,0),(226,4,0),(226,5,2),(233,2,0),(235,3,0),(235,4,2),(235,5,0),(236,3,0),(236,4,0),(236,5,2),(238,5,10),(242,5,10),(251,0,0),(251,1,8),(251,2,5),(258,2,2),(264,3,3),(264,4,1),(273,1,0),(280,2,2),(283,1,0),(283,3,2),(284,1,0),(284,2,1),(295,1,1),(295,3,2),(302,1,3),(308,1,0),(308,2,0),(308,6,2),(316,4,6),(320,1,11),(320,3,0),(321,2,NULL),(328,2,0),(329,2,1),(329,3,0),(335,3,2),(338,0,2),(339,0,1),(340,0,1),(342,0,1),(346,2,0),(349,1,0),(356,0,2),(356,4,0),(358,2,0),(366,3,0),(369,0,0),(385,4,3),(389,0,1),(390,4,0),(397,3,0),(399,3,1),(408,0,1),(409,0,1),(412,0,1),(413,3,0),(414,0,1),(419,1,0),(419,2,2),(431,4,2),(434,2,1),(453,3,1),(456,1,0),(459,4,9),(464,2,1),(464,3,0),(470,3,1),(472,3,1),(472,4,1),(477,4,2),(479,0,4),(480,1,2),(483,3,1),(492,1,0),(496,0,0),(498,3,0),(503,0,4),(514,1,0),(519,3,2),(520,1,1),(521,1,1),(543,1,0),(550,1,0),(552,1,0),(552,2,6),(559,3,0),(560,4,0),(564,1,2),(570,1,1),(581,1,5),(602,1,0),(603,1,0),(618,4,1),(625,1,0),(628,4,5),(629,2,2),(635,2,0),(657,1,6),(675,3,0),(681,2,2),(681,3,0),(687,3,1),(694,2,0),(695,3,4),(711,4,1),(716,0,0),(721,0,0),(737,4,1),(739,1,NULL),(740,1,NULL),(743,3,6),(745,2,2),(745,3,0),(747,2,3),(772,2,1),(773,3,2),(774,0,1),(775,3,1),(779,0,1),(785,0,1),(790,2,1),(792,0,0),(798,2,0),(814,0,1);
/*!40000 ALTER TABLE `solo_game_round_bid_winners` ENABLE KEYS */;
UNLOCK TABLES;

--
-- Table structure for table `solo_game_rounds`
--

DROP TABLE IF EXISTS `solo_game_rounds`;
/*!40101 SET @saved_cs_client     = @@character_set_client */;
/*!40101 SET character_set_client = utf8 */;
CREATE TABLE `solo_game_rounds` (
  `game_round_id` int(10) unsigned NOT NULL,
  `solo_type` enum('solo','cleansolo','table','cleantable') COLLATE utf8_danish_ci NOT NULL,
  PRIMARY KEY (`game_round_id`)
) ENGINE=InnoDB DEFAULT CHARSET=utf8 COLLATE=utf8_danish_ci;
/*!40101 SET character_set_client = @saved_cs_client */;

--
-- Dumping data for table `solo_game_rounds`
--

LOCK TABLES `solo_game_rounds` WRITE;
/*!40000 ALTER TABLE `solo_game_rounds` DISABLE KEYS */;
INSERT INTO `solo_game_rounds` VALUES (2,'table'),(11,'cleansolo'),(17,'solo'),(18,'solo'),(23,'solo'),(30,'cleansolo'),(40,'cleansolo'),(41,'cleansolo'),(47,'cleansolo'),(57,'solo'),(58,'cleansolo'),(71,'solo'),(75,'solo'),(78,'solo'),(82,'cleantable'),(85,'solo'),(88,'cleansolo'),(93,'cleansolo'),(96,'solo'),(99,'cleansolo'),(100,'cleantable'),(101,'cleansolo'),(102,'cleantable'),(105,'solo'),(109,'cleansolo'),(129,'solo'),(136,'cleansolo'),(137,'solo'),(139,'cleansolo'),(140,'solo'),(142,'solo'),(158,'solo'),(166,'solo'),(178,'solo'),(183,'cleansolo'),(185,'solo'),(211,'solo'),(212,'solo'),(213,'solo'),(219,'cleansolo'),(224,'table'),(226,'solo'),(233,'solo'),(235,'cleansolo'),(236,'solo'),(238,'cleansolo'),(242,'cleansolo'),(251,'solo'),(258,'solo'),(264,'cleansolo'),(273,'solo'),(280,'solo'),(283,'solo'),(284,'cleansolo'),(295,'cleansolo'),(302,'solo'),(308,'solo'),(316,'cleansolo'),(320,'solo'),(321,'cleansolo'),(328,'solo'),(329,'solo'),(335,'cleansolo'),(338,'solo'),(339,'solo'),(340,'solo'),(342,'solo'),(346,'cleansolo'),(349,'solo'),(356,'solo'),(358,'solo'),(366,'solo'),(369,'solo'),(385,'solo'),(389,'solo'),(390,'solo'),(397,'solo'),(399,'solo'),(408,'solo'),(409,'solo'),(412,'cleansolo'),(413,'solo'),(414,'solo'),(419,'solo'),(431,'solo'),(434,'solo'),(453,'solo'),(456,'solo'),(459,'cleantable'),(464,'solo'),(470,'solo'),(472,'solo'),(477,'solo'),(479,'solo'),(480,'solo'),(483,'solo'),(492,'solo'),(496,'solo'),(498,'solo'),(503,'solo'),(514,'cleansolo'),(519,'solo'),(520,'solo'),(521,'solo'),(543,'solo'),(550,'solo'),(552,'solo'),(559,'solo'),(560,'solo'),(564,'table'),(570,'solo'),(581,'solo'),(602,'cleansolo'),(603,'solo'),(618,'solo'),(625,'solo'),(628,'cleansolo'),(629,'solo'),(635,'solo'),(657,'solo'),(675,'solo'),(681,'solo'),(687,'solo'),(694,'solo'),(695,'solo'),(711,'solo'),(716,'cleansolo'),(721,'cleansolo'),(737,'cleansolo'),(739,'cleansolo'),(740,'solo'),(743,'cleansolo'),(745,'solo'),(747,'solo'),(772,'solo'),(773,'solo'),(774,'solo'),(775,'solo'),(779,'solo'),(785,'solo'),(790,'cleansolo'),(792,'solo'),(798,'solo'),(814,'cleansolo');
/*!40000 ALTER TABLE `solo_game_rounds` ENABLE KEYS */;
UNLOCK TABLES;
/*!40103 SET TIME_ZONE=@OLD_TIME_ZONE */;

/*!40101 SET SQL_MODE=@OLD_SQL_MODE */;
/*!40014 SET FOREIGN_KEY_CHECKS=@OLD_FOREIGN_KEY_CHECKS */;
/*!40014 SET UNIQUE_CHECKS=@OLD_UNIQUE_CHECKS */;
/*!40101 SET CHARACTER_SET_CLIENT=@OLD_CHARACTER_SET_CLIENT */;
/*!40101 SET CHARACTER_SET_RESULTS=@OLD_CHARACTER_SET_RESULTS */;
/*!40101 SET COLLATION_CONNECTION=@OLD_COLLATION_CONNECTION */;
/*!40111 SET SQL_NOTES=@OLD_SQL_NOTES */;

-- Dump completed on 2017-02-09 19:44:27
